id,pred
2019_1181_1300,0.9969378916066308
2019_1181_1295,0.897745099546455
2019_1181_1433,0.8091858356100631
2019_1181_1416,0.8968550688545422
2019_1181_1280,0.6979181165074269
2019_1181_1251,0.762988299072867
2019_1181_1439,0.7294593668188165
2019_1181_1387,0.9772798127029154
2019_1181_1268,0.7775185076300091
2019_1125_1181,0.03259022159565578
2019_1181_1396,0.8440768893926189
2019_1181_1261,0.5985808504635689
2019_1181_1463,0.8601048523974584
2019_1181_1257,0.8287060850659492
2019_1181_1278,0.807833291549681
2019_1181_1277,0.5897467475519221
2019_1133_1181,0.020494800999848323
2019_1181_1211,0.4772676102324626
2019_1181_1192,0.8915724759967393
2019_1181_1341,0.8711724980945117
2019_1181_1393,0.7173284188662016
2019_1124_1181,0.05050103177073908
2019_1181_1266,0.754832738207751
2019_1181_1293,0.6831359261938712
2019_1181_1199,0.57624456198925
2019_1181_1436,0.876522920416752
2019_1138_1181,0.20605260999826674
2019_1113_1181,0.007958497181136653
2019_1181_1385,0.8972834777348979
2019_1181_1403,0.7210672339807899
2019_1181_1297,0.7616494901438501
2019_1181_1305,0.6230356654210818
2019_1181_1196,0.8118723827928505
2019_1181_1276,0.533457164107022
2019_1181_1285,0.7869308975618637
2019_1181_1438,0.46146670859773115
2019_1181_1205,0.836444765437941
2019_1181_1279,0.8401920079413875
2019_1181_1328,0.847390312290099
2019_1181_1458,0.7238258756332292
2019_1181_1332,0.9087602216402517
2019_1181_1243,0.7340870247915212
2019_1181_1414,0.9276969647911848
2019_1181_1437,0.7422225683482427
2019_1181_1388,0.9086545264548888
2019_1181_1345,0.7118834852450754
2019_1181_1330,0.8438108643037844
2019_1153_1181,0.06468457947287078
2019_1181_1234,0.8300201059342686
2019_1181_1397,0.581029669946434
2019_1159_1181,0.02428726698227697
2019_1181_1314,0.6096895651834041
2019_1181_1233,0.9248013444172684
2019_1181_1429,0.9136248190993578
2019_1181_1449,0.7585777148264253
2019_1120_1181,0.14316277940614902
2019_1181_1308,0.927137947261955
2019_1181_1242,0.6589415371381598
2019_1181_1318,0.9162198918282773
2019_1181_1235,0.6886543113243514
2019_1181_1326,0.8743405009514352
2019_1181_1222,0.7384516953164145
2019_1181_1209,0.9241281474064506
2019_1181_1459,0.8488603648455765
2019_1181_1371,0.8138247017717274
2019_1181_1246,0.5370504513089621
2019_1101_1181,0.027594871435334577
2019_1295_1300,0.726926464977326
2019_1300_1433,0.026515744371268715
2019_1300_1416,0.03997500405210541
2019_1280_1300,0.9520527513807522
2019_1251_1300,0.9472415974032198
2019_1300_1439,0.05850706717907921
2019_1300_1387,0.014496407738295134
2019_1268_1300,0.872266221301402
2019_1125_1300,0.9600353024939093
2019_1300_1396,0.014514922986341433
2019_1261_1300,0.9953003559253345
2019_1300_1463,0.0747340814348326
2019_1257_1300,0.8962371317907835
2019_1278_1300,0.9983499133039465
2019_1277_1300,0.8503393861381772
2019_1133_1300,0.8097010615575542
2019_1211_1300,0.9800905223001993
2019_1192_1300,0.7768244285496142
2019_1300_1341,0.2540964587294505
2019_1300_1393,0.01390028732709985
2019_1124_1300,0.9528443311117285
2019_1266_1300,0.9979465623768973
2019_1293_1300,0.965648447637167
2019_1199_1300,0.9685288401348747
2019_1300_1436,0.030518133193072384
2019_1138_1300,0.9809188080001542
2019_1113_1300,0.9403627233474666
2019_1300_1385,0.08708319937999554
2019_1300_1403,0.03285697490426185
2019_1297_1300,0.9493978569099557
2019_1300_1305,0.02381435888603001
2019_1196_1300,0.9553610658122484
2019_1276_1300,0.9291642069431729
2019_1285_1300,0.8908795399566422
2019_1300_1438,0.028199132359006895
2019_1205_1300,0.8185388711412719
2019_1279_1300,0.9889759934578717
2019_1300_1328,0.04412089337312482
2019_1300_1458,0.02443796135198071
2019_1300_1332,0.07829312380123539
2019_1243_1300,1.006553348378976
2019_1300_1414,0.005501943615515828
2019_1300_1437,0.0035618911061602206
2019_1300_1388,0.07821086823577063
2019_1300_1345,0.019889726212797155
2019_1300_1330,0.028135119911103915
2019_1153_1300,0.9369194328479346
2019_1234_1300,0.9619375692311033
2019_1300_1397,0.029394910839397957
2019_1159_1300,0.9284187829059252
2019_1300_1314,0.05581821031935867
2019_1233_1300,0.6260991857370647
2019_1300_1429,0.003871761009719651
2019_1300_1449,0.0121556619971412
2019_1120_1300,0.988914742331694
2019_1300_1308,0.13541715796459908
2019_1242_1300,0.9601643047000228
2019_1300_1318,0.04353184447235476
2019_1235_1300,0.9609795612998481
2019_1300_1326,0.06479710508081085
2019_1222_1300,0.8739647896179703
2019_1209_1300,0.975618758457647
2019_1300_1459,0.05873476707303216
2019_1300_1371,0.03414908402204126
2019_1246_1300,0.8520521936551376
2019_1101_1300,0.853216333232257
2019_1295_1433,0.02220764201232383
2019_1295_1416,0.3040973380828973
2019_1280_1295,0.8291728299606408
2019_1251_1295,0.8652562660842563
2019_1295_1439,0.04311688096623573
2019_1295_1387,0.2218076545972981
2019_1268_1295,0.9112834104772869
2019_1125_1295,0.7758676295745522
2019_1295_1396,0.10068554375854041
2019_1261_1295,0.8509228725330095
2019_1295_1463,0.16747801062336007
2019_1257_1295,0.7436624065365203
2019_1278_1295,0.9266432970983729
2019_1277_1295,0.9132210280359696
2019_1133_1295,0.6064101794065185
2019_1211_1295,0.9155939011135166
2019_1192_1295,0.47742935153814753
2019_1295_1341,0.4605845726720125
2019_1295_1393,0.07073621992957752
2019_1124_1295,0.6778981828715153
2019_1266_1295,0.8854023104707008
2019_1293_1295,0.8296992413123143
2019_1199_1295,0.9104105365338024
2019_1295_1436,0.13966161842409452
2019_1138_1295,0.8857800510479397
2019_1113_1295,0.8309936359780911
2019_1295_1385,0.09971604680196428
2019_1295_1403,0.015042030891327468
2019_1295_1297,0.17578510138424613
2019_1295_1305,0.011397918612271987
2019_1196_1295,0.8191228905722717
2019_1276_1295,0.9237072567500682
2019_1285_1295,0.7661123195308152
2019_1295_1438,0.01601510675929775
2019_1205_1295,0.7226544292002689
2019_1279_1295,0.7810818935049881
2019_1295_1328,0.027437705098589792
2019_1295_1458,0.008545750988289278
2019_1295_1332,0.07133538808446718
2019_1243_1295,0.9282607759911872
2019_1295_1414,0.1957714759089966
2019_1295_1437,0.013875586155006288
2019_1295_1388,0.06942030757351637
2019_1295_1345,0.10073288788984941
2019_1295_1330,0.1819408015517258
2019_1153_1295,0.9354898022462023
2019_1234_1295,0.7749123695269868
2019_1295_1397,0.0779378852008953
2019_1159_1295,0.6928889311995866
2019_1295_1314,0.010048318252445208
2019_1233_1295,0.3006709205267355
2019_1295_1429,0.07818813644769335
2019_1295_1449,0.05976670734058178
2019_1120_1295,0.8715342887447475
2019_1295_1308,0.05132858332642408
2019_1242_1295,0.9217154156842324
2019_1295_1318,0.12537620463648308
2019_1235_1295,0.8055647778190614
2019_1295_1326,0.0377372649794154
2019_1222_1295,0.9225113842161573
2019_1209_1295,0.7521378200433049
2019_1295_1459,0.0030307318307396807
2019_1295_1371,0.07409010414027896
2019_1246_1295,0.9003797882152774
2019_1101_1295,0.7888374349275921
2019_1416_1433,0.30025231894138626
2019_1280_1433,0.6804798150181256
2019_1251_1433,0.34388385912982666
2019_1433_1439,0.1650627976453666
2019_1387_1433,0.1867664971354046
2019_1268_1433,0.671609387614423
2019_1125_1433,0.5149869797510488
2019_1396_1433,0.2504266146838638
2019_1261_1433,0.7043268757758433
2019_1433_1463,0.7128183631452835
2019_1257_1433,0.696307406276134
2019_1278_1433,0.48513308825130474
2019_1277_1433,0.6375313814807317
2019_1133_1433,0.13622201484073168
2019_1211_1433,0.7806886077226968
2019_1192_1433,0.10745521430086843
2019_1341_1433,0.019498527313815864
2019_1393_1433,0.5823977890019708
2019_1124_1433,0.39112755007169936
2019_1266_1433,0.6282850179201616
2019_1293_1433,0.4766835044807792
2019_1199_1433,0.7201242411977965
2019_1433_1436,0.6685589193724987
2019_1138_1433,0.7582453991776182
2019_1113_1433,0.310076835692348
2019_1385_1433,0.334571278002314
2019_1403_1433,0.5992941774830344
2019_1297_1433,0.2769866105145011
2019_1305_1433,0.6930306405459373
2019_1196_1433,0.5496946678410605
2019_1276_1433,0.767644092474329
2019_1285_1433,0.0963824698735712
2019_1433_1438,0.039017678184557016
2019_1205_1433,0.054021474856945875
2019_1279_1433,0.43634507137618794
2019_1328_1433,0.3813768554791015
2019_1433_1458,0.2626148892498971
2019_1332_1433,0.2820268356207707
2019_1243_1433,0.6364252176339384
2019_1414_1433,0.36352270287608207
2019_1433_1437,0.4490523196961105
2019_1388_1433,0.5308391566572728
2019_1345_1433,0.8206671374513441
2019_1330_1433,0.23019031039242216
2019_1153_1433,0.6089002222478855
2019_1234_1433,0.46589064477868103
2019_1397_1433,0.7395263544891525
2019_1159_1433,0.14111422975920992
2019_1314_1433,0.7178852879457528
2019_1233_1433,0.017144775810178547
2019_1429_1433,0.5800955549624801
2019_1433_1449,0.45942553528170993
2019_1120_1433,0.7245507026645385
2019_1308_1433,0.5203470450074051
2019_1242_1433,0.7250599836731456
2019_1318_1433,0.2330749100129718
2019_1235_1433,0.6198874119003597
2019_1326_1433,0.39294855467399015
2019_1222_1433,0.7214209684968679
2019_1209_1433,0.14846042572219903
2019_1433_1459,0.21088319397215272
2019_1371_1433,0.35999415099355847
2019_1246_1433,0.7489907546001547
2019_1101_1433,0.2283465583715793
2019_1280_1416,0.6805495009020504
2019_1251_1416,0.33199002457020854
2019_1416_1439,0.18289912622917714
2019_1387_1416,0.23328536270082503
2019_1268_1416,0.5803527663490893
2019_1125_1416,0.426321283524561
2019_1396_1416,0.29630259938939296
2019_1261_1416,0.7363289468750622
2019_1416_1463,0.7484895576436588
2019_1257_1416,0.5727716125830111
2019_1278_1416,0.6398526522904276
2019_1277_1416,0.7460706470294235
2019_1133_1416,0.0781705411461349
2019_1211_1416,0.7947008301576155
2019_1192_1416,0.013483531828482014
2019_1341_1416,0.016037364411365853
2019_1393_1416,0.5640760945337912
2019_1124_1416,0.4377463375493872
2019_1266_1416,0.5895532710952306
2019_1293_1416,0.4814248385805204
2019_1199_1416,0.7411626538660595
2019_1416_1436,0.6548783040144193
2019_1138_1416,0.7810185184414982
2019_1113_1416,0.3178732850630945
2019_1385_1416,0.3092382012886949
2019_1403_1416,0.7218334220201892
2019_1297_1416,0.3571801828452911
2019_1305_1416,0.7071841391209581
2019_1196_1416,0.5195256350776334
2019_1276_1416,0.8033427956277752
2019_1285_1416,0.26580559381591096
2019_1416_1438,0.029247330901932427
2019_1205_1416,0.13528001994320232
2019_1279_1416,0.3932683454556384
2019_1328_1416,0.663657024810224
2019_1416_1458,0.18691478582155788
2019_1332_1416,0.3360351444077271
2019_1243_1416,0.6596711328623633
2019_1414_1416,0.2769299805297175
2019_1416_1437,0.3391321352064433
2019_1388_1416,0.4849993248845938
2019_1345_1416,0.6492269378036232
2019_1330_1416,0.2953907868678891
2019_1153_1416,0.646208784708737
2019_1234_1416,0.5362992190240576
2019_1397_1416,0.7265037643302463
2019_1159_1416,0.230641019654488
2019_1314_1416,0.8250710832918944
2019_1233_1416,0.00398125188409837
2019_1416_1429,0.36688901128102286
2019_1416_1449,0.35550545493991265
2019_1120_1416,0.6709477386822702
2019_1308_1416,0.5283622146888628
2019_1242_1416,0.7305484569684227
2019_1318_1416,0.3488082774364229
2019_1235_1416,0.6288856898548026
2019_1326_1416,0.5901844532246211
2019_1222_1416,0.7837498503716537
2019_1209_1416,0.2018302286347
2019_1416_1459,0.23474740970473343
2019_1371_1416,0.3443849783543459
2019_1246_1416,0.8112906369990268
2019_1101_1416,0.16848397947695476
2019_1251_1280,0.21540781381647287
2019_1280_1439,0.35112968368102043
2019_1280_1387,0.8806397754748382
2019_1268_1280,0.3789955954294707
2019_1125_1280,0.2618852275373849
2019_1280_1396,0.6964502452090653
2019_1261_1280,0.6399732543595761
2019_1280_1463,0.7964329797792022
2019_1257_1280,0.4235873825464455
2019_1278_1280,0.3111734236542454
2019_1277_1280,0.6964476740865589
2019_1133_1280,0.10779119515793625
2019_1211_1280,0.762886549095831
2019_1192_1280,0.0027086029438912586
2019_1280_1341,0.7583492648174149
2019_1280_1393,0.672287266582323
2019_1124_1280,0.22812310934586005
2019_1266_1280,0.6083053202542694
2019_1280_1293,0.7357064803244011
2019_1199_1280,0.6548796622509829
2019_1280_1436,0.9233318240066439
2019_1138_1280,0.4305562064089294
2019_1113_1280,0.19921485243089213
2019_1280_1385,0.7365421234785312
2019_1280_1403,0.255391202891899
2019_1280_1297,0.7988661789279058
2019_1280_1305,0.5098750434894591
2019_1196_1280,0.2985201891025184
2019_1276_1280,0.70869209045688
2019_1280_1285,0.7022050314759571
2019_1280_1438,0.06617633501462147
2019_1205_1280,0.09919326160817189
2019_1279_1280,0.19657431863330357
2019_1280_1328,0.6166862298827644
2019_1280_1458,0.33356532189719396
2019_1280_1332,0.6556316773159984
2019_1243_1280,0.5231271280858022
2019_1280_1414,0.7449278745987633
2019_1280_1437,0.5367117739242252
2019_1280_1388,0.6616212704921126
2019_1280_1345,0.29458291185645935
2019_1280_1330,0.8735359310504168
2019_1153_1280,0.43944628412925407
2019_1234_1280,0.3587222944955467
2019_1280_1397,0.2765366267011865
2019_1159_1280,0.2219078351026144
2019_1280_1314,0.23563113788816914
2019_1233_1280,0.042958038555019736
2019_1280_1429,0.7077573149778675
2019_1280_1449,0.6115467706542599
2019_1120_1280,0.5189708880320416
2019_1280_1308,0.6869215090954296
2019_1242_1280,0.6614181116956196
2019_1280_1318,0.6107288480095449
2019_1235_1280,0.493846795547888
2019_1280_1326,0.6054242891682986
2019_1222_1280,0.7098809932606704
2019_1209_1280,0.10567645870235973
2019_1280_1459,0.39996532799960116
2019_1280_1371,0.5799565255857928
2019_1246_1280,0.6945493874386764
2019_1101_1280,0.11829517476666487
2019_1251_1439,0.07245876058568346
2019_1251_1387,0.5737762688906286
2019_1251_1268,0.16686329422092136
2019_1125_1251,0.5123561951377383
2019_1251_1396,0.5550703529178359
2019_1251_1261,0.2777012325666774
2019_1251_1463,0.719371495512469
2019_1251_1257,0.16296936012064053
2019_1251_1278,0.24707009165541577
2019_1251_1277,0.1434317734411862
2019_1133_1251,0.15305810798955483
2019_1211_1251,0.8638975658323147
2019_1192_1251,0.12181082274568601
2019_1251_1341,0.7285936435412438
2019_1251_1393,0.2766692810746857
2019_1124_1251,0.7783020892553463
2019_1251_1266,0.2508634657951161
2019_1251_1293,0.5317496971337997
2019_1199_1251,0.7659381031524299
2019_1251_1436,0.5845181696109544
2019_1138_1251,0.7624565650635562
2019_1113_1251,0.6102701737072306
2019_1251_1385,0.6223908976899097
2019_1251_1403,0.20882653372343393
2019_1251_1297,0.6578564776023486
2019_1251_1305,0.22823553257036397
2019_1196_1251,0.6540245838414224
2019_1251_1276,0.1906562338611964
2019_1251_1285,0.7000069648732303
2019_1251_1438,0.049550841943261426
2019_1205_1251,0.19556771625014158
2019_1251_1279,0.2611568409750125
2019_1251_1328,0.29627112448748233
2019_1251_1458,0.14845689593555497
2019_1251_1332,0.346149480774298
2019_1243_1251,0.6829499575830686
2019_1251_1414,0.3921461601923231
2019_1251_1437,0.19713083016386967
2019_1251_1388,0.3646774702307815
2019_1251_1345,0.16508149047142223
2019_1251_1330,0.6367589587892617
2019_1153_1251,0.6430311018898313
2019_1234_1251,0.809792035244607
2019_1251_1397,0.028387470056825553
2019_1159_1251,0.3097276163828086
2019_1251_1314,0.15902436039449247
2019_1233_1251,0.010324316808425157
2019_1251_1429,0.28819712967142824
2019_1251_1449,0.18616573495525307
2019_1120_1251,0.9030128554771741
2019_1251_1308,0.26590230516550545
2019_1242_1251,0.9217099837337694
2019_1251_1318,0.6879765220025277
2019_1235_1251,0.8254612477104366
2019_1251_1326,0.296728691428308
2019_1222_1251,0.6903688394328514
2019_1209_1251,0.21373073287299696
2019_1251_1459,0.1264711423571465
2019_1251_1371,0.31968499242692017
2019_1246_1251,0.7758692212572413
2019_1101_1251,0.14503158208636863
2019_1387_1439,0.07255019810344382
2019_1268_1439,0.37844230616842484
2019_1125_1439,0.16162039486637345
2019_1396_1439,0.14144142699266907
2019_1261_1439,0.4505083008933072
2019_1439_1463,0.9088542692911443
2019_1257_1439,0.45360563715956964
2019_1278_1439,0.3069520837719075
2019_1277_1439,0.6296519373840372
2019_1133_1439,0.07557460597645013
2019_1211_1439,0.6902070949127466
2019_1192_1439,0.05643933816984741
2019_1341_1439,0.1240647195738882
2019_1393_1439,0.24407813587467886
2019_1124_1439,0.22579275905779034
2019_1266_1439,0.36322084964214796
2019_1293_1439,0.17349352391828168
2019_1199_1439,0.6356241486916325
2019_1436_1439,0.13622885123306688
2019_1138_1439,0.3396895189219175
2019_1113_1439,0.17120390472054045
2019_1385_1439,0.18206623638391572
2019_1403_1439,0.5641650009275504
2019_1297_1439,0.2451363773924419
2019_1305_1439,0.4070708423836585
2019_1196_1439,0.3724875022510927
2019_1276_1439,0.703869669455165
2019_1285_1439,0.17974623338776005
2019_1438_1439,0.7431846652931862
2019_1205_1439,0.08884503136975767
2019_1279_1439,0.1880143958529969
2019_1328_1439,0.25558417292624763
2019_1439_1458,0.5175579708521951
2019_1332_1439,0.18293112674441978
2019_1243_1439,0.42966100417304903
2019_1414_1439,0.059789723364910015
2019_1437_1439,0.36719814790503885
2019_1388_1439,0.26368302609408345
2019_1345_1439,0.5252345816681775
2019_1330_1439,0.1537409695389405
2019_1153_1439,0.22814376502966313
2019_1234_1439,0.30208176455214747
2019_1397_1439,0.7140986387445566
2019_1159_1439,0.08388968967985709
2019_1314_1439,0.7534113907685563
2019_1233_1439,0.03261778194082234
2019_1429_1439,0.24424911182276343
2019_1439_1449,0.6432215461881202
2019_1120_1439,0.3671829659337818
2019_1308_1439,0.1451073328497082
2019_1242_1439,0.5723091621104833
2019_1318_1439,0.14153043584905803
2019_1235_1439,0.35823835752775623
2019_1326_1439,0.2209558226902629
2019_1222_1439,0.4608406817254693
2019_1209_1439,0.10663787383353866
2019_1439_1459,0.5510460798205147
2019_1371_1439,0.18355288260063088
2019_1246_1439,0.6899776944051476
2019_1101_1439,0.028670859045001867
2019_1268_1387,0.6070203499889698
2019_1125_1387,0.7024240402619472
2019_1387_1396,0.2709693729283467
2019_1261_1387,0.9235482121230655
2019_1387_1463,0.5326355707929064
2019_1257_1387,0.9287307509995381
2019_1278_1387,0.897644127940216
2019_1277_1387,0.8525241368467066
2019_1133_1387,0.20038938795006986
2019_1211_1387,0.8839453751977009
2019_1192_1387,0.22195931615137424
2019_1341_1387,0.11194946481135941
2019_1387_1393,0.1585211408112987
2019_1124_1387,0.7388671035301648
2019_1266_1387,0.8257388220648522
2019_1293_1387,0.7740832418397526
2019_1199_1387,0.9332308913102136
2019_1387_1436,0.38370679980525474
2019_1138_1387,0.8685677334037193
2019_1113_1387,0.5829116737144631
2019_1385_1387,0.6412490582434348
2019_1387_1403,0.07574059127789608
2019_1297_1387,0.6770518910713167
2019_1305_1387,0.7891853031599139
2019_1196_1387,0.8054956380107596
2019_1276_1387,0.9839776386441512
2019_1285_1387,0.4446946955342395
2019_1387_1438,0.057913081546988585
2019_1205_1387,0.28291547815531676
2019_1279_1387,0.8012424552869016
2019_1328_1387,0.8386822230724871
2019_1387_1458,0.0960318060744158
2019_1332_1387,0.5972057716793916
2019_1243_1387,0.8660599099970797
2019_1387_1414,0.2162952966559786
2019_1387_1437,0.14118219409330499
2019_1387_1388,0.12464687222875534
2019_1345_1387,0.9221068243417949
2019_1330_1387,0.6791698571073026
2019_1153_1387,0.7918218365907664
2019_1234_1387,0.8142029794349657
2019_1387_1397,0.03923906478118191
2019_1159_1387,0.5333025681473428
2019_1314_1387,0.8712736525085366
2019_1233_1387,0.1961965650615971
2019_1387_1429,0.0973445834884994
2019_1387_1449,0.17600381831428255
2019_1120_1387,0.9035902544645196
2019_1308_1387,0.7580987383179636
2019_1242_1387,0.9273006828725037
2019_1318_1387,0.5796187028225795
2019_1235_1387,0.9047490332006944
2019_1326_1387,0.7754871246039041
2019_1222_1387,0.8107503387407408
2019_1209_1387,0.5580414575620148
2019_1387_1459,0.011854143095751078
2019_1371_1387,0.7337526662019958
2019_1246_1387,0.9119953309407668
2019_1101_1387,0.36588542981928157
2019_1125_1268,0.2615759928717917
2019_1268_1396,0.6827905530310379
2019_1261_1268,0.586254665431959
2019_1268_1463,0.7730330260505189
2019_1257_1268,0.4346156588517187
2019_1268_1278,0.5582406471675245
2019_1268_1277,0.19612110520447382
2019_1133_1268,0.02085943353932238
2019_1211_1268,0.8193397388056949
2019_1192_1268,0.011492817255389668
2019_1268_1341,0.7577650514265476
2019_1268_1393,0.625330662926766
2019_1124_1268,0.2144495521157194
2019_1266_1268,0.44062435566096475
2019_1268_1293,0.6978160075702049
2019_1199_1268,0.6973138552640974
2019_1268_1436,0.6783880504738862
2019_1138_1268,0.5674891378823349
2019_1113_1268,0.14842808669229796
2019_1268_1385,0.7153068310066341
2019_1268_1403,0.31818674494712057
2019_1268_1297,0.6276535518523284
2019_1268_1305,0.43883096893942775
2019_1196_1268,0.2558925637247131
2019_1268_1276,0.22942136108631409
2019_1268_1285,0.7118560411007917
2019_1268_1438,0.10572338317749806
2019_1205_1268,0.1502350460798815
2019_1268_1279,0.6485344070579112
2019_1268_1328,0.6279638562967205
2019_1268_1458,0.25156930885090445
2019_1268_1332,0.6013656323563055
2019_1243_1268,0.603097630772065
2019_1268_1414,0.6177330129086739
2019_1268_1437,0.5166299075784005
2019_1268_1388,0.6754601176087449
2019_1268_1345,0.264934328072982
2019_1268_1330,0.7014037254821232
2019_1153_1268,0.42016860957146895
2019_1234_1268,0.258859164551755
2019_1268_1397,0.2317891201421055
2019_1159_1268,0.20940850680541426
2019_1268_1314,0.2876850851284556
2019_1233_1268,0.034028236854176136
2019_1268_1429,0.7034133113787896
2019_1268_1449,0.5836721823260896
2019_1120_1268,0.5941639471794563
2019_1268_1308,0.6245950827071631
2019_1242_1268,0.7109317397633085
2019_1268_1318,0.6194507914117662
2019_1235_1268,0.4584959528656858
2019_1268_1326,0.6536524275359179
2019_1222_1268,0.6829215271968647
2019_1209_1268,0.06846108084513514
2019_1268_1459,0.31336859518294935
2019_1268_1371,0.6236214315492917
2019_1246_1268,0.7440328644240991
2019_1101_1268,0.04442597432472228
2019_1125_1396,0.5634235813282249
2019_1125_1261,0.16084751141786313
2019_1125_1463,0.7095222109945444
2019_1125_1257,0.2798705281820344
2019_1125_1278,0.3773601629223189
2019_1125_1277,0.07162610330257997
2019_1125_1133,0.837171397452284
2019_1125_1211,0.07007384942459817
2019_1125_1192,0.783380304334674
2019_1125_1341,0.8267315616960444
2019_1125_1393,0.45150755836485407
2019_1124_1125,0.5156511789764573
2019_1125_1266,0.27378714247392355
2019_1125_1293,0.32574218970468005
2019_1125_1199,0.12534401702980957
2019_1125_1436,0.6453693278646264
2019_1125_1138,0.2780187418844287
2019_1113_1125,0.4136616331550868
2019_1125_1385,0.6792150650234523
2019_1125_1403,0.01975195170121351
2019_1125_1297,0.6326969705252155
2019_1125_1305,0.16213691683607534
2019_1125_1196,0.4912475416281024
2019_1125_1276,0.006584877652940312
2019_1125_1285,0.7448441553865224
2019_1125_1438,0.059502885241957286
2019_1125_1205,0.7337548400781881
2019_1125_1279,0.39640540826935605
2019_1125_1328,0.3589617735657032
2019_1125_1458,0.20814759742705524
2019_1125_1332,0.39947804915736446
2019_1125_1243,0.3459467651331228
2019_1125_1414,0.6057815634543714
2019_1125_1437,0.18819262756501728
2019_1125_1388,0.5101575814833273
2019_1125_1345,0.16344136900888379
2019_1125_1330,0.6890368802884955
2019_1125_1153,0.2959391088196836
2019_1125_1234,0.21999786984630681
2019_1125_1397,0.13465840116853078
2019_1125_1159,0.7033926693976764
2019_1125_1314,0.05421622453978634
2019_1125_1233,0.7761931794498269
2019_1125_1429,0.3186012233846987
2019_1125_1449,0.1920151814328521
2019_1120_1125,0.8202301632653748
2019_1125_1308,0.5263760408597017
2019_1125_1242,0.14932307309363924
2019_1125_1318,0.6733109194900107
2019_1125_1235,0.17439943819122886
2019_1125_1326,0.4281691459526795
2019_1125_1222,0.10360501216060806
2019_1125_1209,0.6413389370799211
2019_1125_1459,0.32583496397837625
2019_1125_1371,0.5104902156786665
2019_1125_1246,0.10188750095917708
2019_1101_1125,0.15917753911307914
2019_1261_1396,0.7725491109450692
2019_1396_1463,0.7327738690808673
2019_1257_1396,0.6281667271693655
2019_1278_1396,0.6275286204530527
2019_1277_1396,0.7646637223898942
2019_1133_1396,0.1491630279728178
2019_1211_1396,0.8804596937696197
2019_1192_1396,0.06617388434842027
2019_1341_1396,0.020779461919312053
2019_1393_1396,0.5841738710990276
2019_1124_1396,0.5505564902129128
2019_1266_1396,0.6244945563393419
2019_1293_1396,0.5692479464679684
2019_1199_1396,0.7663665354703993
2019_1396_1436,0.6434231003566229
2019_1138_1396,0.7937390113525253
2019_1113_1396,0.46306392331884466
2019_1385_1396,0.40215592843195697
2019_1396_1403,0.17747235240750825
2019_1297_1396,0.35665094156671995
2019_1305_1396,0.680624880582838
2019_1196_1396,0.5938596234727328
2019_1276_1396,0.8482854073443523
2019_1285_1396,0.20845706528192912
2019_1396_1438,0.023642486356406887
2019_1205_1396,0.135438239328691
2019_1279_1396,0.4853148786811337
2019_1328_1396,0.6250470856430554
2019_1396_1458,0.03830488433863163
2019_1332_1396,0.5338872113706162
2019_1243_1396,0.7116449496292627
2019_1396_1414,0.505129874424997
2019_1396_1437,0.10722771814853228
2019_1388_1396,0.5649228928828266
2019_1345_1396,0.6528984006865146
2019_1330_1396,0.41376168410016784
2019_1153_1396,0.6661936661540513
2019_1234_1396,0.6268725656161311
2019_1396_1397,0.029598116704686796
2019_1159_1396,0.2966177028762785
2019_1314_1396,0.7965223184743295
2019_1233_1396,0.054712772469986466
2019_1396_1429,0.2098394846639668
2019_1396_1449,0.2891115001196365
2019_1120_1396,0.5287458459034159
2019_1308_1396,0.7274951373483027
2019_1242_1396,0.7383122230521606
2019_1318_1396,0.25883154464686553
2019_1235_1396,0.5642211319247006
2019_1326_1396,0.528140672521805
2019_1222_1396,0.772687590149357
2019_1209_1396,0.2451038711736832
2019_1396_1459,0.08254169302202485
2019_1371_1396,0.5500436989679961
2019_1246_1396,0.8152864836582125
2019_1101_1396,0.2582538965928737
2019_1261_1463,0.7366700489876928
2019_1257_1261,0.35447339075382833
2019_1261_1278,0.6652072026646297
2019_1261_1277,0.16375019626751208
2019_1133_1261,0.06681129889537256
2019_1211_1261,0.6421834374196145
2019_1192_1261,0.06144404155510641
2019_1261_1341,0.8354394809176834
2019_1261_1393,0.8670958115897599
2019_1124_1261,0.18248857972776042
2019_1261_1266,0.6400232489888361
2019_1261_1293,0.831261844384126
2019_1199_1261,0.592330821989763
2019_1261_1436,0.8212896939219474
2019_1138_1261,0.4112393061810778
2019_1113_1261,0.19578239736509404
2019_1261_1385,0.812450285593222
2019_1261_1403,0.2780466090643367
2019_1261_1297,0.7235621512321128
2019_1261_1305,0.6541538223225257
2019_1196_1261,0.293904660402087
2019_1261_1276,0.2912981852273468
2019_1261_1285,0.7666734947881182
2019_1261_1438,0.07883183102524899
2019_1205_1261,0.019108003731717352
2019_1261_1279,0.783825613958902
2019_1261_1328,0.7445168239764579
2019_1261_1458,0.5331618233417319
2019_1261_1332,0.8061779792635948
2019_1243_1261,0.36659597332039284
2019_1261_1414,0.8214521024778118
2019_1261_1437,0.5682513944257913
2019_1261_1388,0.7008475471700987
2019_1261_1345,0.4991611785154391
2019_1261_1330,0.8936458731636964
2019_1153_1261,0.2610002516476551
2019_1234_1261,0.3266328160151457
2019_1261_1397,0.34659134245400175
2019_1159_1261,0.012724666235502525
2019_1261_1314,0.21546712707739002
2019_1233_1261,0.06492734135708293
2019_1261_1429,0.6858824533062406
2019_1261_1449,0.6519348138597163
2019_1120_1261,0.4495692295893395
2019_1261_1308,0.8971937080286967
2019_1242_1261,0.44723097908627
2019_1261_1318,0.7342208298756859
2019_1235_1261,0.38268409179485163
2019_1261_1326,0.7825674393347685
2019_1222_1261,0.5969689381275814
2019_1209_1261,0.06232803477581408
2019_1261_1459,0.5280518206670726
2019_1261_1371,0.765511627951968
2019_1246_1261,0.5550996990881006
2019_1101_1261,0.07783258188889736
2019_1257_1463,0.765899786343092
2019_1278_1463,0.7337434028818342
2019_1277_1463,0.8616896526138259
2019_1133_1463,0.24975141004150872
2019_1211_1463,0.8701243243234572
2019_1192_1463,0.1775923270168799
2019_1341_1463,0.10625164049741523
2019_1393_1463,0.7131981433604863
2019_1124_1463,0.6931236847831428
2019_1266_1463,0.7800860618855896
2019_1293_1463,0.7203642815720397
2019_1199_1463,0.8114007922790043
2019_1436_1463,0.5361474146928626
2019_1138_1463,0.7490813503942074
2019_1113_1463,0.7010353511831575
2019_1385_1463,0.6680287364857425
2019_1403_1463,0.9107702546326573
2019_1297_1463,0.6312823110922973
2019_1305_1463,0.723796526840926
2019_1196_1463,0.863311420935347
2019_1276_1463,0.9619772329316153
2019_1285_1463,0.49004550448897527
2019_1438_1463,0.8721473978131342
2019_1205_1463,0.2862685746565061
2019_1279_1463,0.6666171778976229
2019_1328_1463,0.6846094043953133
2019_1458_1463,0.9260029725440243
2019_1332_1463,0.7284810084377378
2019_1243_1463,0.8413809648174784
2019_1414_1463,0.657670184016207
2019_1437_1463,0.7937077827372003
2019_1388_1463,0.7061029224711483
2019_1345_1463,0.8427492155122568
2019_1330_1463,0.5553756225641135
2019_1153_1463,0.7716198699916148
2019_1234_1463,0.7619259104888452
2019_1397_1463,0.9234546494302269
2019_1159_1463,0.5330667169889056
2019_1314_1463,0.8294136310303328
2019_1233_1463,0.1387278867038992
2019_1429_1463,0.7570001745667493
2019_1449_1463,0.8506002638144737
2019_1120_1463,0.8483851684729798
2019_1308_1463,0.651528231122431
2019_1242_1463,0.8106208136876593
2019_1318_1463,0.6604950702990102
2019_1235_1463,0.7676024747746594
2019_1326_1463,0.6158443791556583
2019_1222_1463,0.8028043265545229
2019_1209_1463,0.6348099671398811
2019_1459_1463,0.7777261349772148
2019_1371_1463,0.6194380906499728
2019_1246_1463,0.8647410208571298
2019_1101_1463,0.28727259911640257
2019_1257_1278,0.4644146195872855
2019_1257_1277,0.1135696434126979
2019_1133_1257,0.01576528320671624
2019_1211_1257,0.8364101468734303
2019_1192_1257,0.03591037472824419
2019_1257_1341,0.713897227922164
2019_1257_1393,0.5694516856276831
2019_1124_1257,0.2507663449984608
2019_1257_1266,0.6115004018680154
2019_1257_1293,0.6961838441404093
2019_1199_1257,0.7692224349880393
2019_1257_1436,0.8627770295704795
2019_1138_1257,0.4582807419144731
2019_1113_1257,0.3411751082593636
2019_1257_1385,0.6442375456751799
2019_1257_1403,0.26246540899200205
2019_1257_1297,0.8681560602432763
2019_1257_1305,0.45758277380480544
2019_1196_1257,0.3342496172787862
2019_1257_1276,0.21840856783258425
2019_1257_1285,0.7481607660802649
2019_1257_1438,0.02729445114826089
2019_1205_1257,0.22243892071637641
2019_1257_1279,0.5902003480429503
2019_1257_1328,0.5000563134368233
2019_1257_1458,0.25637100908708094
2019_1257_1332,0.6335494619592651
2019_1243_1257,0.4935965727342683
2019_1257_1414,0.801352399653064
2019_1257_1437,0.524445617520469
2019_1257_1388,0.688511526788403
2019_1257_1345,0.332978414065098
2019_1257_1330,0.9378873924286115
2019_1153_1257,0.495768450429306
2019_1234_1257,0.5421717569267497
2019_1257_1397,0.2026034165285253
2019_1159_1257,0.16162553234756807
2019_1257_1314,0.24936225218549365
2019_1233_1257,0.047879409026922275
2019_1257_1429,0.6513368778022424
2019_1257_1449,0.5504549918494257
2019_1120_1257,0.7307291771201626
2019_1257_1308,0.7698031116472925
2019_1242_1257,0.8146871907529103
2019_1257_1318,0.6187667784623438
2019_1235_1257,0.5979244855251856
2019_1257_1326,0.49626598953470974
2019_1222_1257,0.7035777770715852
2019_1209_1257,0.3263096440044277
2019_1257_1459,0.41080785027363587
2019_1257_1371,0.5883190015593303
2019_1246_1257,0.790963934987323
2019_1101_1257,0.15377780063032853
2019_1277_1278,0.7255584398355617
2019_1133_1278,0.0178645464937828
2019_1211_1278,0.8134668940162424
2019_1192_1278,0.03116502589377685
2019_1278_1341,0.7305530598135949
2019_1278_1393,0.5035998698803269
2019_1124_1278,0.19848570556511042
2019_1266_1278,0.553371128943698
2019_1278_1293,0.586452685678554
2019_1199_1278,0.7407068171894504
2019_1278_1436,0.8808339026495868
2019_1138_1278,0.6038609725039698
2019_1113_1278,0.3944289847821824
2019_1278_1385,0.6481199167103275
2019_1278_1403,0.2168372652471424
2019_1278_1297,0.8015224347550708
2019_1278_1305,0.2583729845596164
2019_1196_1278,0.4994627992778236
2019_1276_1278,0.8079805779869536
2019_1278_1285,0.8142573643060235
2019_1278_1438,0.04139178784995026
2019_1205_1278,0.2588051287393112
2019_1278_1279,0.7046543686371463
2019_1278_1328,0.5215166531191263
2019_1278_1458,0.2518602582705374
2019_1278_1332,0.6040946513176044
2019_1243_1278,0.7140911695762266
2019_1278_1414,0.6889549825758488
2019_1278_1437,0.33039889053529514
2019_1278_1388,0.5497630379748798
2019_1278_1345,0.2607689738475562
2019_1278_1330,0.8727232784368314
2019_1153_1278,0.6807225052839116
2019_1234_1278,0.5551137725959481
2019_1278_1397,0.1198601614711168
2019_1159_1278,0.14440109347278676
2019_1278_1314,0.10692584297588686
2019_1233_1278,0.03655121982523892
2019_1278_1429,0.528074205807258
2019_1278_1449,0.5594804941022271
2019_1120_1278,0.6075041791187319
2019_1278_1308,0.7132345917181583
2019_1242_1278,0.703584431801474
2019_1278_1318,0.6596777252398203
2019_1235_1278,0.5216772396046675
2019_1278_1326,0.6242871502341903
2019_1222_1278,0.7510985094423285
2019_1209_1278,0.2636851493715233
2019_1278_1459,0.34727682577704544
2019_1278_1371,0.5651584890384995
2019_1246_1278,0.7335308736940938
2019_1101_1278,0.16099140341429483
2019_1133_1277,0.030151817569738462
2019_1211_1277,0.5007120372501364
2019_1192_1277,0.014687887023184682
2019_1277_1341,0.8579028569437999
2019_1277_1393,0.7583846295046986
2019_1124_1277,0.027090736730212454
2019_1266_1277,0.07844675063357993
2019_1277_1293,0.7016555822865451
2019_1199_1277,0.31802593136116086
2019_1277_1436,0.676950343780296
2019_1138_1277,0.16922194963134696
2019_1113_1277,0.05130014436825587
2019_1277_1385,0.8752319057737368
2019_1277_1403,0.6250193846759086
2019_1277_1297,0.6839304172199389
2019_1277_1305,0.6351995589315887
2019_1196_1277,0.031500590326001755
2019_1276_1277,0.49195748010105467
2019_1277_1285,0.657575132681958
2019_1277_1438,0.32478266080630214
2019_1205_1277,0.04149016869044416
2019_1277_1279,0.8091555139326485
2019_1277_1328,0.7765252606337368
2019_1277_1458,0.7068058533356333
2019_1277_1332,0.8013890872590708
2019_1243_1277,0.14577990209720662
2019_1277_1414,0.7257792319821826
2019_1277_1437,0.6599695393855396
2019_1277_1388,0.7238232521104563
2019_1277_1345,0.6293082860377626
2019_1277_1330,0.7827227604387699
2019_1153_1277,0.057896584329398114
2019_1234_1277,0.18096343000542586
2019_1277_1397,0.5530222756294694
2019_1159_1277,0.02508117756718384
2019_1277_1314,0.3667478092004003
2019_1233_1277,0.003052565476320309
2019_1277_1429,0.841879458415575
2019_1277_1449,0.6453482255908896
2019_1120_1277,0.17326907547359868
2019_1277_1308,0.8062690598641152
2019_1242_1277,0.21670280763110916
2019_1277_1318,0.8217813552758778
2019_1235_1277,0.17202436299761667
2019_1277_1326,0.8073341353830038
2019_1222_1277,0.3114052392892903
2019_1209_1277,0.061717584089985705
2019_1277_1459,0.6224662753239875
2019_1277_1371,0.7865919635440999
2019_1246_1277,0.5650151233203099
2019_1101_1277,0.029769164856799476
2019_1133_1211,0.05637071446891213
2019_1133_1192,0.6228318937888058
2019_1133_1341,0.6282556930603669
2019_1133_1393,0.04434890021518955
2019_1124_1133,0.6559232646868833
2019_1133_1266,0.04062323770800458
2019_1133_1293,0.039963169933351285
2019_1133_1199,0.032736456158612495
2019_1133_1436,0.21855445327482512
2019_1133_1138,0.05424826702911559
2019_1113_1133,0.7479507568184192
2019_1133_1385,0.17596877605453198
2019_1133_1403,0.09293110371867055
2019_1133_1297,0.14890131237170492
2019_1133_1305,0.04512567834810322
2019_1133_1196,0.21100860754863793
2019_1133_1276,0.03810755337981218
2019_1133_1285,0.3003609824594338
2019_1133_1438,0.028411952631639915
2019_1133_1205,0.33497561068439446
2019_1133_1279,0.12709457495658705
2019_1133_1328,0.210203263030474
2019_1133_1458,0.07030183422607254
2019_1133_1332,0.10667164808876708
2019_1133_1243,0.08058040004551732
2019_1133_1414,0.09268691188559573
2019_1133_1437,0.01760816605758199
2019_1133_1388,0.02521497866050917
2019_1133_1345,0.05410760502617357
2019_1133_1330,0.23651596170804345
2019_1133_1153,0.08354925969453002
2019_1133_1234,0.08772306645648396
2019_1133_1397,0.058380848807468834
2019_1133_1159,0.2203714939104825
2019_1133_1314,0.04820877391731769
2019_1133_1233,0.6657516907145677
2019_1133_1429,0.007898191341177191
2019_1133_1449,0.06689385432134803
2019_1120_1133,0.9884388095551202
2019_1133_1308,0.11038517825539328
2019_1133_1242,0.012011916255307885
2019_1133_1318,0.1849327159006282
2019_1133_1235,0.06777875284836511
2019_1133_1326,0.16321336752431465
2019_1133_1222,0.013397454042285917
2019_1133_1209,0.27519788874429607
2019_1133_1459,0.06860497852011131
2019_1133_1371,0.0743707963689094
2019_1133_1246,0.07130278632729967
2019_1101_1133,0.7041818949859783
2019_1192_1211,0.04666686015974269
2019_1211_1341,0.8776145969383561
2019_1211_1393,0.7008953970777436
2019_1124_1211,0.07159979356475145
2019_1211_1266,0.7680938375084168
2019_1211_1293,0.7333719131468658
2019_1199_1211,0.24678690727168484
2019_1211_1436,0.7899920842691798
2019_1138_1211,0.12163091171299044
2019_1113_1211,0.04964107794126467
2019_1211_1385,0.8654716817379087
2019_1211_1403,0.7302948643159164
2019_1211_1297,0.7864860804981552
2019_1211_1305,0.5445514013814187
2019_1196_1211,0.050225651393800946
2019_1211_1276,0.6035966707041741
2019_1211_1285,0.8364061832292109
2019_1211_1438,0.4344690187177738
2019_1205_1211,0.03556734480872038
2019_1211_1279,0.84590520004542
2019_1211_1328,0.8489564576796003
2019_1211_1458,0.7811755910453368
2019_1211_1332,0.8882434104829399
2019_1211_1243,0.726173347499739
2019_1211_1414,0.8628971497705641
2019_1211_1437,0.75608311044507
2019_1211_1388,0.8599563773876351
2019_1211_1345,0.7569037090797828
2019_1211_1330,0.8833224992545002
2019_1153_1211,0.07720888255434522
2019_1211_1234,0.820641225798479
2019_1211_1397,0.45703739802263454
2019_1159_1211,0.024178697146264166
2019_1211_1314,0.5356332333956778
2019_1211_1233,0.893319714475087
2019_1211_1429,0.8018467840345541
2019_1211_1449,0.7791428480882692
2019_1120_1211,0.07839034825979961
2019_1211_1308,0.8577365595721803
2019_1211_1242,0.7626629903399514
2019_1211_1318,0.8610316627107872
2019_1211_1235,0.7400705437733799
2019_1211_1326,0.8718882076086747
2019_1211_1222,0.6037832278958255
2019_1209_1211,0.034807978827721235
2019_1211_1459,0.7154437009891214
2019_1211_1371,0.8608176748075637
2019_1211_1246,0.5545957676270538
2019_1101_1211,0.060590917502416734
2019_1192_1341,0.35462983935684855
2019_1192_1393,0.015042817531831168
2019_1124_1192,0.6882316115800773
2019_1192_1266,0.04324106364229641
2019_1192_1293,0.014989783147642826
2019_1192_1199,0.026308968318308062
2019_1192_1436,0.1278217074937308
2019_1138_1192,0.8630094474805055
2019_1113_1192,0.7686247791604983
2019_1192_1385,0.09181286318286618
2019_1192_1403,0.0057238781920369445
2019_1192_1297,0.11968824978634213
2019_1192_1305,0.005895167998294159
2019_1192_1196,0.20298872211819668
2019_1192_1276,0.03671409150805057
2019_1192_1285,0.2504708877426347
2019_1192_1438,0.02844849974347932
2019_1192_1205,0.1809746952132026
2019_1192_1279,0.06895201962150628
2019_1192_1328,0.11676461234673496
2019_1192_1458,0.004694255002101806
2019_1192_1332,0.004275357887769228
2019_1192_1243,0.02230893511857133
2019_1192_1414,0.0977444739680765
2019_1192_1437,0.02039629878338224
2019_1192_1388,0.04390492520458011
2019_1192_1345,0.04607106237983012
2019_1192_1330,0.11151363414863437
2019_1153_1192,0.9025124324955784
2019_1192_1234,0.027999132789920278
2019_1192_1397,0.03535633333033272
2019_1159_1192,0.7274921245007485
2019_1192_1314,0.027673529135170363
2019_1192_1233,0.4821469932916888
2019_1192_1429,0.027454115740509575
2019_1192_1449,0.023986580021073733
2019_1120_1192,0.7796492049195847
2019_1192_1308,0.025860818570432233
2019_1192_1242,0.013679137405345633
2019_1192_1318,0.12153911157245695
2019_1192_1235,0.00023818827495391496
2019_1192_1326,0.21656833180809762
2019_1192_1222,0.01552823276849816
2019_1192_1209,0.10621572340287085
2019_1192_1459,0.003832329442036355
2019_1192_1371,0.0001564289330110804
2019_1192_1246,0.0014484241412616534
2019_1101_1192,0.7997618517938496
2019_1341_1393,0.16938049053487494
2019_1124_1341,0.7387884914974107
2019_1266_1341,0.7483309078838555
2019_1293_1341,0.8491936741220247
2019_1199_1341,0.868858147551574
2019_1341_1436,0.06399274995115811
2019_1138_1341,0.8226704735955921
2019_1113_1341,0.7437092887684109
2019_1341_1385,0.04535903154257804
2019_1341_1403,0.022862075440537474
2019_1297_1341,0.6928222137483243
2019_1305_1341,0.8599652348429387
2019_1196_1341,0.6629048590653357
2019_1276_1341,0.847708991030378
2019_1285_1341,0.6744285283995518
2019_1341_1438,0.020325183164003415
2019_1205_1341,0.5557407898548811
2019_1279_1341,0.6386496813635514
2019_1328_1341,0.6971334971565185
2019_1341_1458,0.016946763646370055
2019_1332_1341,0.7227608030065348
2019_1243_1341,0.9216929346574593
2019_1341_1414,0.09883783156438357
2019_1341_1437,0.12873761910219292
2019_1341_1388,0.008998879754465774
2019_1341_1345,0.08461375620106193
2019_1330_1341,0.7145409432433533
2019_1153_1341,0.8946675080052836
2019_1234_1341,0.6787498909101546
2019_1341_1397,0.05002095320539563
2019_1159_1341,0.6669575519077264
2019_1314_1341,0.8265372141947994
2019_1233_1341,0.4399875375863668
2019_1341_1429,0.01399711743801496
2019_1341_1449,0.013399957814837177
2019_1120_1341,0.7978893757352008
2019_1308_1341,0.8722934134206969
2019_1242_1341,0.8260169424838852
2019_1318_1341,0.7449979191861053
2019_1235_1341,0.6757691100647245
2019_1326_1341,0.7373464001511684
2019_1222_1341,0.9071557615676173
2019_1209_1341,0.753971741515227
2019_1341_1459,0.08012918194744492
2019_1341_1371,0.049460161839980796
2019_1246_1341,0.890440484328627
2019_1101_1341,0.7569323528463063
2019_1124_1393,0.27212819541542665
2019_1266_1393,0.5759646641925884
2019_1293_1393,0.34565455591462835
2019_1199_1393,0.7662842100646609
2019_1393_1436,0.7308999305467766
2019_1138_1393,0.8303207963504996
2019_1113_1393,0.47951484337919853
2019_1385_1393,0.3722456822012089
2019_1393_1403,0.1504103719701244
2019_1297_1393,0.21474741291163127
2019_1305_1393,0.7094517152903478
2019_1196_1393,0.5359854137549163
2019_1276_1393,0.7369923290229744
2019_1285_1393,0.16772923225146594
2019_1393_1438,0.023819135155823772
2019_1205_1393,0.11017247641920967
2019_1279_1393,0.26195476837966436
2019_1328_1393,0.3155789951986894
2019_1393_1458,0.2563022694687853
2019_1332_1393,0.45880387311429854
2019_1243_1393,0.8090817599200977
2019_1393_1414,0.6710255113549061
2019_1393_1437,0.34552726235599474
2019_1388_1393,0.373633762581903
2019_1345_1393,0.7085297452359605
2019_1330_1393,0.19330197407663785
2019_1153_1393,0.5710307478204005
2019_1234_1393,0.5084445306895037
2019_1393_1397,0.012805755072999329
2019_1159_1393,0.1351460909059941
2019_1314_1393,0.8016704917351587
2019_1233_1393,0.013503067758119979
2019_1393_1429,0.4163945811308366
2019_1393_1449,0.4542867568901012
2019_1120_1393,0.615931719708331
2019_1308_1393,0.40680388227981973
2019_1242_1393,0.7526805038318286
2019_1318_1393,0.3000594044535555
2019_1235_1393,0.4869450208016243
2019_1326_1393,0.3185273588864365
2019_1222_1393,0.7587678944638157
2019_1209_1393,0.21179033042085332
2019_1393_1459,0.3328245767420074
2019_1371_1393,0.3071240962005019
2019_1246_1393,0.8309159363423362
2019_1101_1393,0.15859036205199953
2019_1124_1266,0.2907693569873242
2019_1124_1293,0.5514042194729354
2019_1124_1199,0.1858215742552423
2019_1124_1436,0.8554540772497707
2019_1124_1138,0.22505229632630525
2019_1113_1124,0.48460176705998437
2019_1124_1385,0.5967283611707603
2019_1124_1403,0.13628940687778612
2019_1124_1297,0.6827309329181286
2019_1124_1305,0.19489167354476183
2019_1124_1196,0.3016038922862753
2019_1124_1276,0.11284500822987248
2019_1124_1285,0.6065178495524471
2019_1124_1438,0.05140516723985681
2019_1124_1205,0.6071414680372659
2019_1124_1279,0.3072294295776509
2019_1124_1328,0.28768518199640564
2019_1124_1458,0.18588541700515163
2019_1124_1332,0.5270836467386036
2019_1124_1243,0.19554537791822088
2019_1124_1414,0.6323853009935969
2019_1124_1437,0.2541618119726042
2019_1124_1388,0.3552958339601879
2019_1124_1345,0.17169515709079378
2019_1124_1330,0.7029392352854344
2019_1124_1153,0.32122476024347135
2019_1124_1234,0.296297195973837
2019_1124_1397,0.08375724645605633
2019_1124_1159,0.6168615914229302
2019_1124_1314,0.06094981747507758
2019_1124_1233,0.8464829519205856
2019_1124_1429,0.38294571424683105
2019_1124_1449,0.45204209494330644
2019_1120_1124,0.7151958328055098
2019_1124_1308,0.8024847760262594
2019_1124_1242,0.18812932673158714
2019_1124_1318,0.6156320370020372
2019_1124_1235,0.2904834388440633
2019_1124_1326,0.2699002809229932
2019_1124_1222,0.2246734055549147
2019_1124_1209,0.5482800898371019
2019_1124_1459,0.36641637176579694
2019_1124_1371,0.4656665736463281
2019_1124_1246,0.1551886124457768
2019_1101_1124,0.22673515418530613
2019_1266_1293,0.6418303172088718
2019_1199_1266,0.7164763495067084
2019_1266_1436,0.8806035074710531
2019_1138_1266,0.5918086676060754
2019_1113_1266,0.29157242046613874
2019_1266_1385,0.6860484407780328
2019_1266_1403,0.25094521360056643
2019_1266_1297,0.8371810658281439
2019_1266_1305,0.28979422448830305
2019_1196_1266,0.3047588051654445
2019_1266_1276,0.155115486727009
2019_1266_1285,0.6598171578083631
2019_1266_1438,0.04150944938336648
2019_1205_1266,0.05825546271350237
2019_1266_1279,0.6702779656998008
2019_1266_1328,0.6816601048447717
2019_1266_1458,0.45285133395358845
2019_1266_1332,0.643571601006353
2019_1243_1266,0.577988069096749
2019_1266_1414,0.7384424906622502
2019_1266_1437,0.36978066803344084
2019_1266_1388,0.624058811868017
2019_1266_1345,0.35686023614514717
2019_1266_1330,0.911975685481237
2019_1153_1266,0.5104057610621408
2019_1234_1266,0.3154733329606793
2019_1266_1397,0.13455840937661512
2019_1159_1266,0.077262585616328
2019_1266_1314,0.18036096300315652
2019_1233_1266,0.0060317060251383605
2019_1266_1429,0.6794644054136879
2019_1266_1449,0.4930165347064196
2019_1120_1266,0.5202506935306924
2019_1266_1308,0.5911191856102442
2019_1242_1266,0.6858942810353476
2019_1266_1318,0.6050231487909753
2019_1235_1266,0.5074202630766144
2019_1266_1326,0.709313855477995
2019_1222_1266,0.7129284197829869
2019_1209_1266,0.18438302368872914
2019_1266_1459,0.39201930970450793
2019_1266_1371,0.6195753315550712
2019_1246_1266,0.7277748888434268
2019_1101_1266,0.07978835700375247
2019_1199_1293,0.6666255089469556
2019_1293_1436,0.6638291527702892
2019_1138_1293,0.7319315002126909
2019_1113_1293,0.4825723051374405
2019_1293_1385,0.5836692721765186
2019_1293_1403,0.16767573893217708
2019_1293_1297,0.5831349818980127
2019_1293_1305,0.18504934214945934
2019_1196_1293,0.5934068717161816
2019_1276_1293,0.9226519014308497
2019_1285_1293,0.2104848019008072
2019_1293_1438,0.04152703649397385
2019_1205_1293,0.11731506521401232
2019_1279_1293,0.5894042095044033
2019_1293_1328,0.3447853161889333
2019_1293_1458,0.21236328264834978
2019_1293_1332,0.5305172715299534
2019_1243_1293,0.734282698832358
2019_1293_1414,0.48901204311646973
2019_1293_1437,0.2766446764198007
2019_1293_1388,0.5740337999186691
2019_1293_1345,0.11974100591485587
2019_1293_1330,0.6430381614096112
2019_1153_1293,0.6469022316742038
2019_1234_1293,0.6131443346344088
2019_1293_1397,0.03724180923324357
2019_1159_1293,0.22935498655107028
2019_1293_1314,0.034978768709809496
2019_1233_1293,0.048080046450418336
2019_1293_1429,0.3804580580759243
2019_1293_1449,0.39117575864632415
2019_1120_1293,0.7891663915011532
2019_1293_1308,0.48270108304371584
2019_1242_1293,0.752558372277447
2019_1293_1318,0.6446769521697275
2019_1235_1293,0.7248517664054988
2019_1293_1326,0.31381363724322076
2019_1222_1293,0.7183965230509012
2019_1209_1293,0.24105053277839836
2019_1293_1459,0.1738634866226985
2019_1293_1371,0.5687912442474825
2019_1246_1293,0.6823741527767092
2019_1101_1293,0.14103112752509786
2019_1199_1436,0.7076960305211385
2019_1138_1199,0.39216105976549137
2019_1113_1199,0.13156337287704833
2019_1199_1385,0.8964469994854594
2019_1199_1403,0.5708000480398484
2019_1199_1297,0.7303927174024581
2019_1199_1305,0.6372557720849105
2019_1196_1199,0.2082704757102132
2019_1199_1276,0.2206010382737937
2019_1199_1285,0.8681177369574504
2019_1199_1438,0.11751445652844715
2019_1199_1205,0.876254537281872
2019_1199_1279,0.8017877313965669
2019_1199_1328,0.7915674270352465
2019_1199_1458,0.573804165945177
2019_1199_1332,0.8506653386237215
2019_1199_1243,0.5840630256156549
2019_1199_1414,0.8335467186511428
2019_1199_1437,0.6115979279077565
2019_1199_1388,0.7547227818843623
2019_1199_1345,0.5223246895483706
2019_1199_1330,0.9347940380774835
2019_1153_1199,0.14397985119000783
2019_1199_1234,0.7510563886215824
2019_1199_1397,0.3001258470990709
2019_1159_1199,0.03291635374733768
2019_1199_1314,0.22189701124963837
2019_1199_1233,0.9442488879465066
2019_1199_1429,0.6569067589163764
2019_1199_1449,0.6641908776134088
2019_1120_1199,0.3105422677440651
2019_1199_1308,0.8130632015376204
2019_1199_1242,0.5532214899824432
2019_1199_1318,0.7492479562467859
2019_1199_1235,0.7486778923114681
2019_1199_1326,0.7962232381938118
2019_1199_1222,0.4741370726565179
2019_1199_1209,0.8563648092782747
2019_1199_1459,0.525503966266163
2019_1199_1371,0.8093368366274245
2019_1199_1246,0.3305346114207588
2019_1101_1199,0.015029293238653296
2019_1138_1436,0.8379316211415446
2019_1113_1436,0.7533838464908363
2019_1385_1436,0.5769520577926572
2019_1403_1436,0.8231747759337085
2019_1297_1436,0.3707743646133547
2019_1305_1436,0.7918734127139148
2019_1196_1436,0.8335456376555015
2019_1276_1436,0.9362552370530983
2019_1285_1436,0.2773878007451182
2019_1436_1438,0.023733403880718405
2019_1205_1436,0.2685098341284743
2019_1279_1436,0.7155687455257246
2019_1328_1436,0.8790320758482087
2019_1436_1458,0.14703019338638149
2019_1332_1436,0.6205405565639472
2019_1243_1436,0.7754637814458742
2019_1414_1436,0.7052404902485472
2019_1436_1437,0.15050420720989094
2019_1388_1436,0.7316867303795184
2019_1345_1436,0.8396788183175918
2019_1330_1436,0.3080914627651162
2019_1153_1436,0.6240350349883238
2019_1234_1436,0.8106227333164433
2019_1397_1436,1.0440030177946058
2019_1159_1436,0.3311017854174856
2019_1314_1436,0.7397443925165538
2019_1233_1436,0.16807362618519994
2019_1429_1436,0.685684852194772
2019_1436_1449,0.12318720403392455
2019_1120_1436,1.0159500371938253
2019_1308_1436,0.5969090065982735
2019_1242_1436,0.8964916219476406
2019_1318_1436,0.4617669815801123
2019_1235_1436,0.9578047835546432
2019_1326_1436,0.7184401986998967
2019_1222_1436,0.7430347438424165
2019_1209_1436,0.3599222973287522
2019_1436_1459,0.043074806575465314
2019_1371_1436,0.7198529741993343
2019_1246_1436,0.7256470505348616
2019_1101_1436,0.2560249000913182
2019_1113_1138,0.14232172369111556
2019_1138_1385,0.7937125150784486
2019_1138_1403,0.24573588876383057
2019_1138_1297,0.7914589693905824
2019_1138_1305,0.5612005916306654
2019_1138_1196,0.6650749844860656
2019_1138_1276,0.2058313607642903
2019_1138_1285,0.8315378039847509
2019_1138_1438,0.1771893331535837
2019_1138_1205,0.8651320438762015
2019_1138_1279,0.6742752132876556
2019_1138_1328,0.642225218042647
2019_1138_1458,0.4497306384846477
2019_1138_1332,0.7611307514830651
2019_1138_1243,0.5247221132421904
2019_1138_1414,0.757196620858038
2019_1138_1437,0.6320207238545108
2019_1138_1388,0.7209702538478555
2019_1138_1345,0.2463729325725205
2019_1138_1330,0.8340575472808319
2019_1138_1153,0.6697961693802045
2019_1138_1234,0.6703374349176019
2019_1138_1397,0.31038806730078794
2019_1138_1159,0.7670750089582429
2019_1138_1314,0.17566341893110865
2019_1138_1233,0.8782481155659427
2019_1138_1429,0.683567814559793
2019_1138_1449,0.6100840103032569
2019_1120_1138,0.5269043782816124
2019_1138_1308,0.7055343311009185
2019_1138_1242,0.3649647670571382
2019_1138_1318,0.7345591315023804
2019_1138_1235,0.41655674693295186
2019_1138_1326,0.7239847629306956
2019_1138_1222,0.2666850494302717
2019_1138_1209,0.7619125606956004
2019_1138_1459,0.5285977887892144
2019_1138_1371,0.7278367853650334
2019_1138_1246,0.20190349253252138
2019_1101_1138,0.052910024280299596
2019_1113_1385,0.5299569594661855
2019_1113_1403,0.13888520447702352
2019_1113_1297,0.6871767176562049
2019_1113_1305,0.2775002961595834
2019_1113_1196,0.44489607202958076
2019_1113_1276,0.2573863251854483
2019_1113_1285,0.6891424737108087
2019_1113_1438,0.04002061241533067
2019_1113_1205,0.6304937675643758
2019_1113_1279,0.49230387920831403
2019_1113_1328,0.48470624374554994
2019_1113_1458,0.13851858287832036
2019_1113_1332,0.3567807345220774
2019_1113_1243,0.19215453960930035
2019_1113_1414,0.5127020883816399
2019_1113_1437,0.2559587966757861
2019_1113_1388,0.43755485744750555
2019_1113_1345,0.11191263021361265
2019_1113_1330,0.562066322062329
2019_1113_1153,0.3532932203341643
2019_1113_1234,0.283223176828913
2019_1113_1397,0.0826139623259975
2019_1113_1159,0.6387352390033894
2019_1113_1314,0.05795026284270079
2019_1113_1233,0.7765126743364716
2019_1113_1429,0.31092100538539036
2019_1113_1449,0.24130170617118876
2019_1113_1120,0.2114302525342221
2019_1113_1308,0.45331646046826474
2019_1113_1242,0.15934820072924347
2019_1113_1318,0.5864676300636309
2019_1113_1235,0.247163991521042
2019_1113_1326,0.4987759341437994
2019_1113_1222,0.12985117044728134
2019_1113_1209,0.6178835455602697
2019_1113_1459,0.26663659514844146
2019_1113_1371,0.436709878131934
2019_1113_1246,0.07007586386946743
2019_1101_1113,0.16899744875608053
2019_1385_1403,0.09612267899595445
2019_1297_1385,0.4167101002661918
2019_1305_1385,0.7789050437614775
2019_1196_1385,0.7332406307153363
2019_1276_1385,0.825562994668666
2019_1285_1385,0.2708653016961355
2019_1385_1438,0.017007807716508425
2019_1205_1385,0.280518208086713
2019_1279_1385,0.5254717764485779
2019_1328_1385,0.6829621338771239
2019_1385_1458,0.058216727088329236
2019_1332_1385,0.5177154243714194
2019_1243_1385,0.7849964747809658
2019_1385_1414,0.3827513747639988
2019_1385_1437,0.17905467681472936
2019_1385_1388,0.23043997384083997
2019_1345_1385,0.8037115737003534
2019_1330_1385,0.47151719395345315
2019_1153_1385,0.6835739373089591
2019_1234_1385,0.6376339361790568
2019_1385_1397,0.02662337504276948
2019_1159_1385,0.23936223506272633
2019_1314_1385,0.8483791367788664
2019_1233_1385,0.13738604427792342
2019_1385_1429,0.18683071009329494
2019_1385_1449,0.28098271910779204
2019_1120_1385,0.6664304264000565
2019_1308_1385,0.603731613379556
2019_1242_1385,0.7793441457781198
2019_1318_1385,0.530615149052322
2019_1235_1385,0.6397067448232575
2019_1326_1385,0.6480028740452622
2019_1222_1385,0.8795705111670212
2019_1209_1385,0.37208295641835176
2019_1385_1459,0.061387614815489114
2019_1371_1385,0.6453416377553752
2019_1246_1385,0.8458861261809505
2019_1101_1385,0.2716345680297582
2019_1297_1403,0.039552688015686815
2019_1305_1403,0.43169213461983436
2019_1196_1403,0.1683503956595703
2019_1276_1403,0.6921899036980932
2019_1285_1403,0.05069132855293132
2019_1403_1438,0.138976409525925
2019_1205_1403,0.013676380960002163
2019_1279_1403,0.0900179675515228
2019_1328_1403,0.16292643657008626
2019_1403_1458,0.585245002174989
2019_1332_1403,0.16449011576864905
2019_1243_1403,0.33112201052659834
2019_1403_1414,0.7843397327558296
2019_1403_1437,0.6701173893929977
2019_1388_1403,0.16482237682351694
2019_1345_1403,0.3887633399249865
2019_1330_1403,0.08756417277822362
2019_1153_1403,0.16870450014222924
2019_1234_1403,0.2839053597783885
2019_1397_1403,0.6116367050864855
2019_1159_1403,0.052702378682378516
2019_1314_1403,0.6017705320216006
2019_1233_1403,0.008924769177143632
2019_1403_1429,0.8531638016969532
2019_1403_1449,0.5879828222737976
2019_1120_1403,0.23353517200557172
2019_1308_1403,0.23566199235605667
2019_1242_1403,0.3309039970839185
2019_1318_1403,0.12371014487669142
2019_1235_1403,0.23003203216628815
2019_1326_1403,0.20322051635155758
2019_1222_1403,0.4268295265866762
2019_1209_1403,0.0678161287759478
2019_1403_1459,0.5618920368096042
2019_1371_1403,0.0959389412286251
2019_1246_1403,0.6081530337990697
2019_1101_1403,0.041559469108201734
2019_1297_1305,0.1549904119554474
2019_1196_1297,0.757053210131084
2019_1276_1297,0.9374433432333258
2019_1285_1297,0.2500164369770953
2019_1297_1438,0.03257774633290377
2019_1205_1297,0.31571826203210845
2019_1279_1297,0.7255200617151374
2019_1297_1328,0.2541350000533949
2019_1297_1458,0.13185158947138292
2019_1297_1332,0.24957776373729762
2019_1243_1297,0.909111202769303
2019_1297_1414,0.23716971463180422
2019_1297_1437,0.12004892786974113
2019_1297_1388,0.26664140298141953
2019_1297_1345,0.12631264233675318
2019_1297_1330,0.4841195525771425
2019_1153_1297,0.6986111742922942
2019_1234_1297,0.8454859718348344
2019_1297_1397,0.06932339405777332
2019_1159_1297,0.41728072525681753
2019_1297_1314,0.05987202521506185
2019_1233_1297,0.13517045887553228
2019_1297_1429,0.15901059293364467
2019_1297_1449,0.250386733130497
2019_1120_1297,0.8561343459225859
2019_1297_1308,0.33586888880053084
2019_1242_1297,0.8580857146672343
2019_1297_1318,0.4606487801116658
2019_1235_1297,0.7780959761140045
2019_1297_1326,0.29602074162774816
2019_1222_1297,0.8611619764758921
2019_1209_1297,0.37396803289083114
2019_1297_1459,0.185609490263972
2019_1297_1371,0.2027451696546657
2019_1246_1297,0.7766523122029179
2019_1101_1297,0.235652719343696
2019_1196_1305,0.2696578390050001
2019_1276_1305,0.7899335678743266
2019_1285_1305,0.10050829296580345
2019_1305_1438,0.05111276466914432
2019_1205_1305,0.07488571041845603
2019_1279_1305,0.3080246920737411
2019_1305_1328,0.6257100050510057
2019_1305_1458,0.4051436265605956
2019_1305_1332,0.6723861329657866
2019_1243_1305,0.49148083913662305
2019_1305_1414,0.7499263097758941
2019_1305_1437,0.6057977003049172
2019_1305_1388,0.7286530380729466
2019_1305_1345,0.38993005325525476
2019_1305_1330,0.8229312009707452
2019_1153_1305,0.3619108425487622
2019_1234_1305,0.39287154287455067
2019_1305_1397,0.2048675454467205
2019_1159_1305,0.13026831425545926
2019_1305_1314,0.13568343623038467
2019_1233_1305,0.01816284188280162
2019_1305_1429,0.6431750411591299
2019_1305_1449,0.5382472824318049
2019_1120_1305,0.6062048163915864
2019_1305_1308,0.545274823909668
2019_1242_1305,0.6675790253791603
2019_1305_1318,0.704409517876668
2019_1235_1305,0.6297146605299417
2019_1305_1326,0.7171703255642837
2019_1222_1305,0.574817496647033
2019_1209_1305,0.1253662136026555
2019_1305_1459,0.3384380701043445
2019_1305_1371,0.6777752492980842
2019_1246_1305,0.7048648061206221
2019_1101_1305,0.03615037741030373
2019_1196_1276,0.08695838263508684
2019_1196_1285,0.8256029667155462
2019_1196_1438,0.0400655635600231
2019_1196_1205,0.8768305829861496
2019_1196_1279,0.5635216471961196
2019_1196_1328,0.5393574104294474
2019_1196_1458,0.247252979978957
2019_1196_1332,0.5863600176986837
2019_1196_1243,0.1930967122017068
2019_1196_1414,0.7488177004831443
2019_1196_1437,0.32962721814181545
2019_1196_1388,0.5189338139964069
2019_1196_1345,0.20849535259919116
2019_1196_1330,0.7165295303032574
2019_1153_1196,0.5184043482215623
2019_1196_1234,0.5300456655853847
2019_1196_1397,0.07284803318595492
2019_1159_1196,0.1985123103008329
2019_1196_1314,0.19148958741829444
2019_1196_1233,0.8671300940477942
2019_1196_1429,0.566653524293094
2019_1196_1449,0.49499378054891036
2019_1120_1196,0.6757982759340758
2019_1196_1308,0.7192998628123198
2019_1196_1242,0.16270743593621761
2019_1196_1318,0.7467372754485193
2019_1196_1235,0.30626013453457646
2019_1196_1326,0.5781594329475939
2019_1196_1222,0.3120244272589214
2019_1196_1209,0.6170481852681848
2019_1196_1459,0.2968099422219506
2019_1196_1371,0.6381873837299515
2019_1196_1246,0.08088660895387075
2019_1101_1196,0.1854346357393729
2019_1276_1285,0.9334188117644913
2019_1276_1438,0.26197234957450244
2019_1205_1276,0.12557830306207798
2019_1276_1279,0.873512199035682
2019_1276_1328,0.7692664808088341
2019_1276_1458,0.6759648304302878
2019_1276_1332,0.8084390771638292
2019_1243_1276,0.2715977319808771
2019_1276_1414,0.820917051572603
2019_1276_1437,0.7130419895283467
2019_1276_1388,0.8432818801239871
2019_1276_1345,0.6192938157483172
2019_1276_1330,0.8892285425200327
2019_1153_1276,0.19993571833577023
2019_1234_1276,0.12000429891107513
2019_1276_1397,0.48840290968583416
2019_1159_1276,0.05502070540507338
2019_1276_1314,0.35256651389707405
2019_1233_1276,0.008628443992563234
2019_1276_1429,0.7729670558737175
2019_1276_1449,0.6653423559948978
2019_1120_1276,0.29772920634489275
2019_1276_1308,0.8947778253660611
2019_1242_1276,0.3107376563476996
2019_1276_1318,0.8673896320327323
2019_1235_1276,0.21493061225299837
2019_1276_1326,0.8101850821942458
2019_1222_1276,0.36884617821925314
2019_1209_1276,0.05811955009403622
2019_1276_1459,0.7284682898107615
2019_1276_1371,0.8419022327166495
2019_1246_1276,0.28880883163180393
2019_1101_1276,0.04868566333969448
2019_1285_1438,0.030038722405158896
2019_1205_1285,0.35136204647199165
2019_1279_1285,0.7605040125883745
2019_1285_1328,0.03182119739028054
2019_1285_1458,0.175841130727112
2019_1285_1332,0.2213778051500768
2019_1243_1285,0.973480270768011
2019_1285_1414,0.19564179873052756
2019_1285_1437,0.08479935452549356
2019_1285_1388,0.2816042557531441
2019_1285_1345,0.12210769924828065
2019_1285_1330,0.31336151620006625
2019_1153_1285,0.671630265142398
2019_1234_1285,1.0519901298554257
2019_1285_1397,0.046542652756942096
2019_1159_1285,0.45482869370980566
2019_1285_1314,0.01959139894622074
2019_1233_1285,0.2970766428353455
2019_1285_1429,0.10945571460819609
2019_1285_1449,0.10190926220338366
2019_1120_1285,0.9150865275935448
2019_1285_1308,0.16229200456724271
2019_1242_1285,1.0096949618312867
2019_1285_1318,0.4022616413996193
2019_1235_1285,0.9267901773465559
2019_1285_1326,0.18312887469785796
2019_1222_1285,0.9182130847932585
2019_1209_1285,0.6310663842695954
2019_1285_1459,0.06492228186386494
2019_1285_1371,0.03310979668073118
2019_1246_1285,0.8663240771517655
2019_1101_1285,0.5303456143435713
2019_1205_1438,0.0267376820952805
2019_1279_1438,0.04693565128863916
2019_1328_1438,0.03169241326077489
2019_1438_1458,0.804804196135747
2019_1332_1438,0.02641344829903424
2019_1243_1438,0.12355441800584847
2019_1414_1438,0.09054830418123691
2019_1437_1438,0.005725390038865959
2019_1388_1438,0.07285719232202391
2019_1345_1438,0.16250434448402154
2019_1330_1438,0.05188310183234146
2019_1153_1438,0.13213942692464917
2019_1234_1438,0.019847303325077878
2019_1397_1438,0.2342046802600901
2019_1159_1438,0.04199927988795659
2019_1314_1438,0.28594265155981435
2019_1233_1438,0.006368433801262663
2019_1429_1438,0.09802825294941869
2019_1438_1449,0.8069884119331947
2019_1120_1438,0.09824273372397237
2019_1308_1438,0.010685096986235487
2019_1242_1438,0.07177561331710461
2019_1318_1438,0.019100157603198636
2019_1235_1438,0.03706487805866929
2019_1326_1438,0.029859486477096568
2019_1222_1438,0.2034087956689709
2019_1209_1438,0.006453316457964949
2019_1438_1459,0.8031185205518415
2019_1371_1438,0.019413416343275147
2019_1246_1438,0.29205002687808956
2019_1101_1438,0.046644532324600606
2019_1205_1279,0.19202795814221588
2019_1205_1328,0.17936006019762288
2019_1205_1458,0.032207747990917
2019_1205_1332,0.2643363319581861
2019_1205_1243,0.0005586969969017789
2019_1205_1414,0.12107692667854432
2019_1205_1437,0.03676715175936109
2019_1205_1388,0.22957338869477453
2019_1205_1345,0.08722177736083173
2019_1205_1330,0.2831460217232751
2019_1153_1205,0.8861872592073319
2019_1205_1234,0.19148417550143249
2019_1205_1397,0.0787779112782178
2019_1159_1205,0.571728360594104
2019_1205_1314,0.05331838790434365
2019_1205_1233,0.7839470577049701
2019_1205_1429,0.03670812570444182
2019_1205_1449,0.04758566237420391
2019_1120_1205,0.6698031066342266
2019_1205_1308,0.1320289464953097
2019_1205_1242,0.05103909194192273
2019_1205_1318,0.15744515747149848
2019_1205_1235,0.15035658053319378
2019_1205_1326,0.11767053413882
2019_1205_1222,0.012179835606824459
2019_1205_1209,0.3188487976108655
2019_1205_1459,0.08561121075578008
2019_1205_1371,0.20723407952205963
2019_1205_1246,0.1232029562422524
2019_1101_1205,0.6141313942419232
2019_1279_1328,0.4902994246828541
2019_1279_1458,0.15477518444862212
2019_1279_1332,0.48435101701782995
2019_1243_1279,0.7514870027468871
2019_1279_1414,0.6259463943356162
2019_1279_1437,0.284749807336708
2019_1279_1388,0.43622256878208676
2019_1279_1345,0.13257572655141853
2019_1279_1330,0.7679750150746049
2019_1153_1279,0.696581885434306
2019_1234_1279,0.660311299785318
2019_1279_1397,0.027778295543375794
2019_1159_1279,0.1930716436750818
2019_1279_1314,0.021335831840860204
2019_1233_1279,0.12000309152016164
2019_1279_1429,0.42432852218463296
2019_1279_1449,0.4249254746858007
2019_1120_1279,0.6560547180752007
2019_1279_1308,0.4982264233106747
2019_1242_1279,0.8098636852984574
2019_1279_1318,0.6112322672860161
2019_1235_1279,0.611896813191788
2019_1279_1326,0.4713144460449302
2019_1222_1279,0.7794571345683812
2019_1209_1279,0.2908465010665989
2019_1279_1459,0.20969198657444682
2019_1279_1371,0.421632417076151
2019_1246_1279,0.8396650419220486
2019_1101_1279,0.16647357644380997
2019_1328_1458,0.27169642532012733
2019_1328_1332,0.597253935520472
2019_1243_1328,0.754424401665261
2019_1328_1414,0.654423131800628
2019_1328_1437,0.34175020552012775
2019_1328_1388,0.35966807108185644
2019_1328_1345,0.1619200538653105
2019_1328_1330,0.8235920978819306
2019_1153_1328,0.5948417001812996
2019_1234_1328,0.612944684555856
2019_1328_1397,0.11598606415741197
2019_1159_1328,0.15603529964748986
2019_1314_1328,0.7489596412331728
2019_1233_1328,0.038756365967194756
2019_1328_1429,0.41024490805872094
2019_1328_1449,0.5357237958554816
2019_1120_1328,0.587424864580129
2019_1308_1328,0.34739743641463694
2019_1242_1328,0.755796051683254
2019_1318_1328,0.2621175574551762
2019_1235_1328,0.5273658082671103
2019_1326_1328,0.3127075073632897
2019_1222_1328,0.6860921799205592
2019_1209_1328,0.19422299125869905
2019_1328_1459,0.37183111347881986
2019_1328_1371,0.6030031920388852
2019_1246_1328,0.8131380587515452
2019_1101_1328,0.12070115235935766
2019_1332_1458,0.18462549188432842
2019_1243_1458,0.4687671629466483
2019_1414_1458,0.16959453288724646
2019_1437_1458,0.5115377538366654
2019_1388_1458,0.2314598205342672
2019_1345_1458,0.5460154314888372
2019_1330_1458,0.14354109816356747
2019_1153_1458,0.3257342310620687
2019_1234_1458,0.25850104444134486
2019_1397_1458,0.7658766808498635
2019_1159_1458,0.21621421134975066
2019_1314_1458,0.7241621009204672
2019_1233_1458,0.008629139099772129
2019_1429_1458,0.26666190653058025
2019_1449_1458,0.35972406962209197
2019_1120_1458,0.393718575971257
2019_1308_1458,0.062245895509723786
2019_1242_1458,0.5445824182794097
2019_1318_1458,0.07557970301616326
2019_1235_1458,0.2897884997130178
2019_1326_1458,0.21459498717021142
2019_1222_1458,0.4025901557875331
2019_1209_1458,0.020821387109458744
2019_1458_1459,0.5554871947775759
2019_1371_1458,0.11293016498550873
2019_1246_1458,0.6493947736371644
2019_1101_1458,0.11014413302619395
2019_1243_1332,0.7279770631068844
2019_1332_1414,0.5128058386037145
2019_1332_1437,0.26955052024091164
2019_1332_1388,0.3009447453399223
2019_1332_1345,0.09333390816924406
2019_1330_1332,0.18159904331539836
2019_1153_1332,0.5813738016583078
2019_1234_1332,0.5873994130095844
2019_1332_1397,0.07035118373030143
2019_1159_1332,0.240911447045076
2019_1314_1332,0.781780342182824
2019_1233_1332,0.009617718915885039
2019_1332_1429,0.31342715134521054
2019_1332_1449,0.16037959040570332
2019_1120_1332,0.7290817445569701
2019_1308_1332,0.5200600622029988
2019_1242_1332,0.7896250363711153
2019_1318_1332,0.3308642270974983
2019_1235_1332,0.7227463350705609
2019_1326_1332,0.5741037333087965
2019_1222_1332,0.8161700871559152
2019_1209_1332,0.19501960072191418
2019_1332_1459,0.19214017218686857
2019_1332_1371,0.5857831587382728
2019_1246_1332,0.8320232131858303
2019_1101_1332,0.157765422983276
2019_1243_1414,0.7158113014436455
2019_1243_1437,0.49739311115573853
2019_1243_1388,0.6170101916208963
2019_1243_1345,0.3483774898310384
2019_1243_1330,0.7910198104236694
2019_1153_1243,0.39735812870210385
2019_1234_1243,0.347148449352504
2019_1243_1397,0.3696821028686294
2019_1159_1243,0.035429042344135894
2019_1243_1314,0.24952680634846502
2019_1233_1243,0.040493692210366874
2019_1243_1429,0.6925533810702389
2019_1243_1449,0.6317126452975458
2019_1120_1243,0.5555495257995317
2019_1243_1308,0.6004307474082853
2019_1242_1243,0.4753942300563669
2019_1243_1318,0.75584880403369
2019_1235_1243,0.49885844498659754
2019_1243_1326,0.7934235319913555
2019_1222_1243,0.6410233681496437
2019_1209_1243,0.06911543773810805
2019_1243_1459,0.25404209965645685
2019_1243_1371,0.7652350794520661
2019_1243_1246,0.2027710989504786
2019_1101_1243,0.08840896216738611
2019_1414_1437,0.25304772311837065
2019_1388_1414,0.7247804951457645
2019_1345_1414,0.880355674913406
2019_1330_1414,0.2122518912798245
2019_1153_1414,0.6364042458920235
2019_1234_1414,0.7127664812884356
2019_1397_1414,0.9156800068859626
2019_1159_1414,0.23037009540131462
2019_1314_1414,0.7397387875668836
2019_1233_1414,0.1538905264453462
2019_1414_1429,0.3439840473453019
2019_1414_1449,0.21764926746504643
2019_1120_1414,0.7953367027288158
2019_1308_1414,0.5455747153467353
2019_1242_1414,0.8440099516598614
2019_1318_1414,0.35781068052975834
2019_1235_1414,0.753317405431019
2019_1326_1414,0.6061136746334572
2019_1222_1414,0.6254073249634438
2019_1209_1414,0.23540429461939472
2019_1414_1459,0.11052681878682782
2019_1371_1414,0.5929298789780871
2019_1246_1414,0.6755402730621132
2019_1101_1414,0.12184315117766585
2019_1388_1437,0.2243851368684513
2019_1345_1437,0.5600378330754617
2019_1330_1437,0.20481367496839706
2019_1153_1437,0.4382591349259186
2019_1234_1437,0.32805539219352897
2019_1397_1437,0.7733650348724405
2019_1159_1437,0.0825883463949112
2019_1314_1437,0.7258683266426263
2019_1233_1437,0.03449639420284397
2019_1429_1437,0.41421359952772496
2019_1437_1449,0.5823681647269721
2019_1120_1437,0.4966922798517995
2019_1308_1437,0.25376079185178313
2019_1242_1437,0.5976024799881774
2019_1318_1437,0.20466645740400172
2019_1235_1437,0.410332351903291
2019_1326_1437,0.24493869844371075
2019_1222_1437,0.6898174072767242
2019_1209_1437,0.10859958442199803
2019_1437_1459,0.4442296620500908
2019_1371_1437,0.2318463719194947
2019_1246_1437,0.6657776062390746
2019_1101_1437,0.09217036160153044
2019_1345_1388,0.6955037651747868
2019_1330_1388,0.2759370923529653
2019_1153_1388,0.576293664996581
2019_1234_1388,0.45282683377064864
2019_1388_1397,0.08308914704045504
2019_1159_1388,0.2822515216185429
2019_1314_1388,0.7711631615804472
2019_1233_1388,0.03701963062331448
2019_1388_1429,0.5248129381005378
2019_1388_1449,0.4673310489337526
2019_1120_1388,0.6798795995870945
2019_1308_1388,0.40427329218765257
2019_1242_1388,0.7412120372086246
2019_1318_1388,0.3400780980743964
2019_1235_1388,0.6266182392105276
2019_1326_1388,0.36373313022075787
2019_1222_1388,0.7660330825644944
2019_1209_1388,0.25185397890104866
2019_1388_1459,0.29420771393802203
2019_1371_1388,0.37209575461823685
2019_1246_1388,0.8137315760150318
2019_1101_1388,0.244149299622776
2019_1330_1345,0.1651147889930801
2019_1153_1345,0.1767026151081629
2019_1234_1345,0.23065459339058864
2019_1345_1397,0.33141212011101695
2019_1159_1345,0.2473987544072215
2019_1314_1345,0.7028094119960457
2019_1233_1345,0.057731806880576324
2019_1345_1429,0.8057487417430589
2019_1345_1449,0.7089654182829078
2019_1120_1345,0.39030293430850577
2019_1308_1345,0.14517060253586112
2019_1242_1345,0.588005618893526
2019_1318_1345,0.12151058175423549
2019_1235_1345,0.25063911103926934
2019_1326_1345,0.16666384202308998
2019_1222_1345,0.5412626688098741
2019_1209_1345,0.0581336434340867
2019_1345_1459,0.6051243478872492
2019_1345_1371,0.6762363890447435
2019_1246_1345,0.6349307340890264
2019_1101_1345,0.10574888459057256
2019_1153_1330,0.5334153291299445
2019_1234_1330,0.7977318677981461
2019_1330_1397,0.09015149092968054
2019_1159_1330,0.34404627267047605
2019_1314_1330,0.8663137029930651
2019_1233_1330,0.16579328323960832
2019_1330_1429,0.11922551162963733
2019_1330_1449,0.10376503692053572
2019_1120_1330,0.9469230922110856
2019_1308_1330,0.6657953538228354
2019_1242_1330,0.9409928133661861
2019_1318_1330,0.6356032623237579
2019_1235_1330,0.8614907973033592
2019_1326_1330,0.7554852777783855
2019_1222_1330,0.8506204644423229
2019_1209_1330,0.2974732826088807
2019_1330_1459,0.142003541383036
2019_1330_1371,0.32427715706742144
2019_1246_1330,0.9491254015736899
2019_1101_1330,0.3382087824593127
2019_1153_1234,0.5817825789662006
2019_1153_1397,0.11484980703800486
2019_1153_1159,0.7419381257938563
2019_1153_1314,0.10000788735369243
2019_1153_1233,0.9030462610679683
2019_1153_1429,0.4221047736305807
2019_1153_1449,0.3765998006641767
2019_1120_1153,0.5933956564396751
2019_1153_1308,0.5331176478742586
2019_1153_1242,0.3220766331711726
2019_1153_1318,0.8054458728033957
2019_1153_1235,0.467195210490785
2019_1153_1326,0.5861689202690964
2019_1153_1222,0.23347920819103646
2019_1153_1209,0.715525107576059
2019_1153_1459,0.28844234641067523
2019_1153_1371,0.7096680101026104
2019_1153_1246,0.08532616953832188
2019_1101_1153,0.19490208898621625
2019_1234_1397,0.16671915922194794
2019_1159_1234,0.12907462142118464
2019_1234_1314,0.12194595418839871
2019_1233_1234,0.0034187107165250556
2019_1234_1429,0.4125379305196892
2019_1234_1449,0.5233389734842379
2019_1120_1234,0.579997812447252
2019_1234_1308,0.676933475932565
2019_1234_1242,0.2902714138360397
2019_1234_1318,0.6481129055233985
2019_1234_1235,0.3306555492227368
2019_1234_1326,0.6289553997074316
2019_1222_1234,0.7684847044608185
2019_1209_1234,0.07461036204102475
2019_1234_1459,0.405613280103334
2019_1234_1371,0.5384873098596119
2019_1234_1246,0.24406302872743232
2019_1101_1234,0.20183347181666816
2019_1159_1397,0.05338582924277337
2019_1314_1397,0.5824987345761478
2019_1233_1397,0.0014833939109520529
2019_1397_1429,0.8387967578968547
2019_1397_1449,0.6821961580308896
2019_1120_1397,0.21294249341672267
2019_1308_1397,0.16874986548314722
2019_1242_1397,0.24835036935158203
2019_1318_1397,0.12943712353841702
2019_1235_1397,0.19036098788105493
2019_1326_1397,0.12631968364589313
2019_1222_1397,0.4054827129787254
2019_1209_1397,0.029300830908508147
2019_1397_1459,0.718177752100438
2019_1371_1397,0.09292518083565118
2019_1246_1397,0.29813425074601196
2019_1101_1397,0.006007197007255121
2019_1159_1314,0.07370551146568717
2019_1159_1233,0.7634928730516329
2019_1159_1429,0.17759399709906132
2019_1159_1449,0.13824346295923803
2019_1120_1159,0.867575907420283
2019_1159_1308,0.21988776722041514
2019_1159_1242,0.019855713264228712
2019_1159_1318,0.4835560924622163
2019_1159_1235,0.15957288309882675
2019_1159_1326,0.23144133288604696
2019_1159_1222,0.0009039222035300954
2019_1159_1209,0.4986996119638788
2019_1159_1459,0.14120132110085137
2019_1159_1371,0.20636151835555278
2019_1159_1246,0.09945425630360154
2019_1101_1159,0.4559964842672592
2019_1233_1314,0.0015791244573712215
2019_1314_1429,0.8174458182542572
2019_1314_1449,0.6163296657388524
2019_1120_1314,0.26478049837186696
2019_1308_1314,0.08717030557568882
2019_1242_1314,0.2673186501397714
2019_1314_1318,0.861556267003616
2019_1235_1314,0.21503983611120414
2019_1314_1326,0.7491778881593182
2019_1222_1314,0.38718220045336965
2019_1209_1314,0.06427414113585612
2019_1314_1459,0.66595971480525
2019_1314_1371,0.7936688008532474
2019_1246_1314,0.3131451849624515
2019_1101_1314,0.0858074414671842
2019_1233_1429,0.032958383316594654
2019_1233_1449,0.021813104417467408
2019_1120_1233,0.8758770508383469
2019_1233_1308,0.06682632034854867
2019_1233_1242,0.012287203759427417
2019_1233_1318,0.09216370645516399
2019_1233_1235,0.08238320012020466
2019_1233_1326,0.037607998155976145
2019_1222_1233,0.8892995187267074
2019_1209_1233,0.8107358660032613
2019_1233_1459,0.009783284940695676
2019_1233_1371,0.04229412566542658
2019_1233_1246,0.0007479822470399226
2019_1101_1233,0.7505304913945233
2019_1429_1449,0.3878625816451403
2019_1120_1429,0.7250484978066187
2019_1308_1429,0.4164483166754116
2019_1242_1429,0.7301695501501887
2019_1318_1429,0.2763758619020446
2019_1235_1429,0.642044090273374
2019_1326_1429,0.3734544948242787
2019_1222_1429,0.7241101528675873
2019_1209_1429,0.20830765641818455
2019_1429_1459,0.27817058989205373
2019_1371_1429,0.35859576311666785
2019_1246_1429,0.7222043996289341
2019_1101_1429,0.02977882753720207
2019_1120_1449,0.6499726883210752
2019_1308_1449,0.43592148408388104
2019_1242_1449,0.6444407044847221
2019_1318_1449,0.2164470297956118
2019_1235_1449,0.6308256024103952
2019_1326_1449,0.4824873631683675
2019_1222_1449,0.7075220015505844
2019_1209_1449,0.19696698584712544
2019_1449_1459,0.276679675315987
2019_1371_1449,0.23984962389002548
2019_1246_1449,0.6183059864312738
2019_1101_1449,0.031242068428492024
2019_1120_1308,0.7628912290210326
2019_1120_1242,0.4043741809053278
2019_1120_1318,0.8382505223864046
2019_1120_1235,0.629326065620886
2019_1120_1326,0.744527514813087
2019_1120_1222,0.4947674423017841
2019_1120_1209,0.7675284510098103
2019_1120_1459,0.6213978104157148
2019_1120_1371,0.6576856842194279
2019_1120_1246,0.24062012266164368
2019_1101_1120,0.12419168506803467
2019_1242_1308,0.9194244490167761
2019_1308_1318,0.6371455102329512
2019_1235_1308,0.780880435653183
2019_1308_1326,0.41273677943942166
2019_1222_1308,0.7632973388586975
2019_1209_1308,0.2709290975792876
2019_1308_1459,0.11581830933738146
2019_1308_1371,0.4642967267771515
2019_1246_1308,0.9329857661896878
2019_1101_1308,0.12585929500376516
2019_1242_1318,0.6663531595371767
2019_1235_1242,0.23465304644383153
2019_1242_1326,0.8163098953249307
2019_1222_1242,0.6222141757055952
2019_1209_1242,0.035934789198437664
2019_1242_1459,0.5844950447711379
2019_1242_1371,0.7936367964641818
2019_1242_1246,0.40953964653609887
2019_1101_1242,0.04109061473756589
2019_1235_1318,0.5419712155607134
2019_1318_1326,0.3133277892140783
2019_1222_1318,0.8228237492784788
2019_1209_1318,0.3614546458021487
2019_1318_1459,0.1416029872405876
2019_1318_1371,0.24184835689594325
2019_1246_1318,0.8725050815659462
2019_1101_1318,0.32879669275384726
2019_1235_1326,0.5731394058017453
2019_1222_1235,0.688471373289591
2019_1209_1235,0.11107124034210815
2019_1235_1459,0.5642330414708976
2019_1235_1371,0.5102851364256891
2019_1235_1246,0.20659887039496103
2019_1101_1235,0.09424751584225588
2019_1222_1326,0.7388121093924818
2019_1209_1326,0.28452034726391506
2019_1326_1459,0.3473962092640538
2019_1326_1371,0.5092439050217582
2019_1246_1326,0.8278449351078843
2019_1101_1326,0.1515054014472171
2019_1209_1222,0.0462156523147003
2019_1222_1459,0.5887029429839016
2019_1222_1371,0.7834189616634416
2019_1222_1246,0.5111826453469002
2019_1101_1222,0.024606060788426424
2019_1209_1459,0.07355414962340373
2019_1209_1371,0.31825746650933384
2019_1209_1246,0.0498221253188224
2019_1101_1209,0.43490608457265634
2019_1371_1459,0.18186044089520012
2019_1246_1459,0.6566916665809185
2019_1101_1459,0.017259180424300476
2019_1246_1371,0.7740066603566422
2019_1101_1371,0.15572532796328273
2019_1101_1246,0.03274324655136157
