,,Overall,,,,,,Conf.,,Home,,Away,,Points,,,School Advanced,,,,,,,,,,,,
Rk,School,G,W,L,W-L%,SRS,SOS,W,L,W,L,W,L,Tm.,Opp.,,Pace,ORtg,FTr,3PAr,TS%,TRB%,AST%,STL%,BLK%,eFG%,TOV%,ORB%,FT/FGA
1,Abilene Christian,26,21,5,0.808,-1.74,-7.33,10,3,11,1,8,4,1953,1652,,67.9,109.7,0.339,0.327,0.573,51.3,57.4,12.7,8.6,0.545,16.2,30,0.241
2,Air Force,26,11,15,0.423,-3.85,1.28,6,8,8,5,2,8,1749,1852,,67.3,98,0.291,0.392,0.541,49.9,52.2,7.3,5.6,0.519,18.4,23.4,0.194
3,Akron,26,14,12,0.538,5.58,0.25,6,7,11,2,1,8,1806,1631,,68.1,101.5,0.283,0.478,0.513,48.7,49.4,8.3,8.5,0.482,14.5,26.5,0.201
4,Alabama A&M,26,5,21,0.192,-18.25,-7.02,4,8,4,5,0,14,1603,1895,,68.2,89.1,0.263,0.327,0.482,47,51.6,10.8,4.4,0.462,19.4,27.1,0.161
5,Alabama-Birmingham,27,16,11,0.593,0.05,-1.75,8,6,10,4,5,4,1901,1818,,66.9,104.7,0.297,0.344,0.532,53.1,44.3,9.6,7.5,0.508,14.9,31.5,0.198
6,Alabama State,23,10,13,0.435,-12.71,-5.94,8,4,8,1,1,10,1560,1626,,70,96.4,0.372,0.377,0.503,49.6,43.7,9.6,10.7,0.473,18.1,31.6,0.237
7,Alabama,26,15,11,0.577,10.22,8.72,6,7,9,3,3,7,1917,1878,,70,105.3,0.396,0.367,0.546,52.7,48.6,6.2,12.6,0.514,16.6,31.9,0.27
8,Albany (NY),27,10,17,0.37,-9.22,-5.64,5,7,5,7,4,8,1801,1877,,67.5,97.5,0.329,0.45,0.523,49.3,56.9,9.1,6,0.484,18.5,27.2,0.241
9,Alcorn State,25,8,17,0.32,-20.68,-7.87,4,9,8,3,0,13,1612,1726,,69.1,93.4,0.295,0.386,0.5,49.3,56.3,11.4,10,0.469,19,29.4,0.204
10,American,26,13,13,0.5,-3.98,-6.98,7,8,8,5,4,8,1876,1798,,67.7,104.6,0.38,0.346,0.564,49.7,52.9,10.6,11,0.533,16.8,25.3,0.266
11,Appalachian State,26,9,17,0.346,-2.81,0.84,4,9,8,2,1,10,2100,2055,,73.9,108.2,0.355,0.414,0.568,48.6,46.4,7.2,7.1,0.536,15.8,26.5,0.255
12,Arizona State,26,18,8,0.692,11.5,5.65,9,5,12,3,4,4,2066,1914,,73.1,107.1,0.429,0.359,0.545,54.2,51.8,8.4,9.5,0.512,16,33.5,0.288
13,Arizona,27,15,12,0.556,9.62,6.18,6,8,10,4,3,6,1949,1856,,68.8,103.9,0.332,0.375,0.528,50,50.4,8.1,6.6,0.492,14.2,29,0.24
14,Little Rock,26,10,16,0.385,-2.96,-1.96,5,8,7,7,3,9,1966,1961,,73,102.7,0.426,0.35,0.575,50.1,54.6,7.6,8.9,0.551,19.6,24.6,0.28
15,Arkansas-Pine Bluff,26,11,15,0.423,-14.87,-6.87,8,5,7,1,3,14,1721,1888,,67.9,95.6,0.431,0.343,0.526,48.9,51.2,9.9,8.3,0.485,19.5,27.6,0.297
16,Arkansas State,26,11,15,0.423,-6.79,-0.7,5,8,8,3,2,10,1930,2016,,70.8,102.3,0.393,0.362,0.526,51.3,46.2,8.5,11.9,0.483,17.1,33.4,0.283
17,Arkansas,26,14,12,0.538,11.01,8.32,5,8,10,5,3,6,1979,1909,,73.1,103.1,0.398,0.38,0.536,47.4,59.7,10.9,14.2,0.506,16.4,28.5,0.263
18,Army,28,12,16,0.429,-7.44,-4.44,7,8,9,3,3,11,1992,2022,,71.8,99.1,0.235,0.449,0.519,49,61.3,8.4,4.7,0.496,14.5,22,0.162
19,Auburn,26,18,8,0.692,21.11,8.43,7,6,13,2,2,5,2121,1753,,70.8,114.1,0.321,0.474,0.568,51.5,53.3,12.9,17.2,0.544,15.7,35.5,0.222
20,Austin Peay,28,20,8,0.714,1.19,-4.81,12,3,8,2,8,5,2295,1995,,72.2,112.1,0.352,0.333,0.57,51.5,46.8,10.7,9.5,0.541,14.7,31.9,0.249
21,Ball State,26,14,12,0.538,5.16,1.48,5,8,7,4,6,6,2024,1886,,72,106,0.39,0.333,0.566,52.5,47.6,9,8.6,0.532,16.9,28.4,0.277
22,Baylor,26,17,9,0.654,13.63,7.13,8,5,11,4,5,4,1867,1698,,66.5,107.9,0.311,0.402,0.539,54.6,54.2,9.6,14.6,0.516,16.7,38.8,0.206
23,Belmont,26,22,4,0.846,7.89,-3.19,13,2,11,1,10,3,2269,1938,,75.1,115.1,0.295,0.43,0.601,52.5,62.4,9.3,9.7,0.577,14.4,25.7,0.216
24,Bethune-Cookman,27,12,15,0.444,-11.17,-8.61,7,6,9,3,3,12,1998,1952,,74.3,99.2,0.368,0.332,0.514,52.3,53.7,9.6,9.9,0.492,17.9,34.6,0.223
25,Binghamton,27,8,19,0.296,-14.33,-4.69,4,8,5,8,2,11,1743,1922,,68.1,94.8,0.256,0.407,0.512,45.6,39.9,8.6,13.6,0.493,16.9,21.3,0.163
26,Boise State,26,11,15,0.423,3.81,0.69,6,7,7,5,3,8,1863,1765,,66.8,107.2,0.344,0.395,0.569,50.4,46.2,8.9,7.1,0.539,15.9,25.6,0.247
27,Boston College,25,13,12,0.52,6.7,6.9,4,9,9,6,2,6,1803,1808,,68.6,103.5,0.368,0.38,0.536,50.1,49.5,7.5,8.7,0.502,16.2,29.1,0.256
28,Boston University,28,12,16,0.429,-6.23,-4.78,5,10,5,6,7,9,2015,2017,,68.3,104.9,0.231,0.34,0.548,51.4,50.1,8.5,7,0.529,16.5,29.2,0.158
29,Bowling Green State,26,19,7,0.731,6.13,-0.24,11,2,13,1,5,5,2052,1835,,72.9,107.8,0.351,0.352,0.539,54.5,47.9,9.5,8,0.511,14.4,31.8,0.236
30,Bradley,28,15,13,0.536,-0.92,-1.55,7,8,8,6,5,7,1895,1862,,67,100.6,0.362,0.345,0.534,50.5,50.4,8.7,11.2,0.503,17.1,27.6,0.246
31,Brigham Young,29,18,11,0.621,7.36,2.74,10,4,12,2,5,7,2315,2181,,71.5,110.2,0.391,0.367,0.571,49.3,55.4,8.8,8.6,0.535,13.6,24.6,0.284
32,Brown,24,15,9,0.625,-0.65,-3.52,3,5,9,2,6,7,1783,1649,,72.6,101.3,0.371,0.415,0.545,50.7,53.4,10.3,11,0.513,17.2,25.4,0.257
33,Bryant,26,9,17,0.346,-15.37,-6.87,6,9,6,6,2,10,1813,2034,,69.2,100.8,0.386,0.426,0.531,46.7,46.5,7.5,7.6,0.491,16.2,26.5,0.275
34,Bucknell,27,17,10,0.63,0.34,-2.03,11,4,8,3,7,6,2047,1983,,71.3,105.8,0.35,0.446,0.558,49.5,58.5,7.3,8.3,0.521,15.6,26.5,0.259
35,Buffalo,26,23,3,0.885,15.87,2.11,11,2,11,0,10,3,2234,1856,,75.1,113.8,0.322,0.429,0.569,52.6,55.1,9.5,10.6,0.544,14,31.8,0.225
36,Butler,27,15,12,0.556,11.84,8.17,6,8,11,3,2,7,1979,1880,,67.3,108.5,0.255,0.429,0.558,49.3,51.1,8.1,5.9,0.532,14.5,26.6,0.188
37,Cal Poly,24,5,19,0.208,-13.53,-3.48,1,10,3,6,1,11,1528,1721,,65.4,94.8,0.232,0.414,0.489,47.5,45.4,8,9,0.47,15.7,26.6,0.146
38,Cal State Bakersfield,26,16,10,0.615,-3.3,-2.47,7,5,9,3,5,6,1896,1838,,68.1,106.1,0.301,0.348,0.519,53.7,46.8,10,10.5,0.491,15.9,38.7,0.204
39,Cal State Fullerton,26,13,13,0.5,-0.72,0.12,9,3,7,2,4,9,1905,1833,,71.2,100.9,0.366,0.307,0.544,50.9,48.8,8.3,8.6,0.51,16.7,24.1,0.258
40,Cal State Northridge,27,10,17,0.37,-6.92,-3.19,4,7,5,8,3,9,2066,2159,,72.2,105,0.326,0.31,0.538,48.1,54.5,8.8,11.1,0.519,15.1,28.8,0.206
41,California Baptist,25,14,11,0.56,-4.96,-5.19,5,6,8,4,6,4,2003,1842,,71.8,110,0.308,0.431,0.577,52.6,41.8,6.6,7.2,0.54,15.7,27.3,0.242
42,UC-Davis,25,10,15,0.4,-5.4,-0.53,6,5,6,3,3,10,1638,1702,,67,96.8,0.303,0.387,0.536,47,52.2,9.3,6.4,0.506,18.4,22.2,0.213
43,UC-Irvine,28,23,5,0.821,4.44,-1.45,11,1,10,2,10,2,1993,1800,,66.5,105.1,0.308,0.324,0.534,54.2,49.9,8.4,11.4,0.506,15.8,33.5,0.211
44,UC-Riverside,27,9,18,0.333,-10.55,-3.05,3,8,7,5,1,12,1799,1867,,64.7,103,0.253,0.423,0.55,50.6,55.1,7.7,5.3,0.527,17.2,27,0.179
45,UC-Santa Barbara,26,18,8,0.692,-0.66,-4.79,7,5,10,2,5,6,1907,1690,,65.5,110.9,0.38,0.331,0.547,54.8,53.9,7.6,9.2,0.511,14.1,35.7,0.271
46,University of California,26,5,21,0.192,-4.67,5.56,0,14,5,9,0,8,1795,2061,,68.6,100.1,0.354,0.344,0.525,44.4,43.9,10.1,8.7,0.484,14.6,23.5,0.261
47,Campbell,27,16,11,0.593,-3.47,-4.22,9,4,9,3,3,7,2043,1881,,68.4,110.1,0.312,0.483,0.566,47.9,57.2,10.3,9.6,0.534,13.6,24.4,0.232
48,Canisius,26,12,14,0.462,-7.96,-3.58,9,5,4,7,8,4,1830,1944,,69.4,100.5,0.318,0.429,0.533,47.6,58.8,9.9,9.3,0.504,17,27.2,0.22
49,Central Arkansas,26,10,16,0.385,-10.68,-2.98,5,8,7,4,3,12,1880,1975,,72.9,98.2,0.333,0.403,0.533,47.7,54.9,8.4,10.2,0.498,18,24.7,0.24
50,Central Connecticut State,28,11,17,0.393,-12.02,-5.98,5,10,5,4,5,11,2026,2133,,70.3,101.1,0.365,0.352,0.527,50.4,47.2,7.5,10.5,0.476,16.5,30.1,0.284
51,Central Florida,25,19,6,0.76,11.64,3.44,9,4,13,2,3,3,1822,1617,,67.4,107.6,0.484,0.361,0.558,50.8,53.9,9,13.2,0.532,15.2,28.7,0.308
52,Central Michigan,26,18,8,0.692,2.88,-0.86,7,6,12,2,4,5,2182,1990,,73.7,111.2,0.442,0.375,0.558,50.8,47.6,10.3,8.3,0.526,14.5,33.1,0.297
53,Charleston Southern,26,13,13,0.5,-3.44,-3.39,7,6,8,4,3,9,2010,1859,,73,106,0.283,0.449,0.533,51.5,53.3,11,9.6,0.509,15.7,32.9,0.191
54,Charlotte,25,6,19,0.24,-7.83,0.41,3,11,4,8,2,8,1493,1699,,65.9,90.6,0.368,0.42,0.519,47.8,48.6,7.3,11,0.475,20.6,20.8,0.27
55,Chattanooga,28,12,16,0.429,-7.49,-1.49,7,8,8,4,3,10,2031,2083,,70.2,102.9,0.248,0.423,0.547,49.1,50.5,6.1,6.6,0.526,16.3,24.6,0.172
56,Chicago State,27,3,24,0.111,-25.25,0.91,0,12,3,5,0,17,1668,2297,,72.1,85.6,0.329,0.267,0.486,45,52.3,8.5,6.2,0.449,20.3,22.9,0.224
57,Cincinnati,26,22,4,0.846,15.46,3.53,11,2,14,1,5,3,1910,1600,,65.3,111.5,0.385,0.334,0.541,54.2,55.7,10.2,16.2,0.505,13.4,36.5,0.271
58,Citadel,26,11,15,0.423,-7.26,0.7,3,12,7,5,4,9,2221,2220,,77.4,109.9,0.274,0.522,0.564,47.7,51,9.1,9.9,0.537,14.5,26.8,0.201
59,Clemson,26,15,11,0.577,14.25,9.18,5,8,11,3,2,6,1803,1671,,67.6,102.7,0.33,0.357,0.551,53,47.8,9.5,13,0.518,17.8,27.9,0.24
60,Cleveland State,29,8,21,0.276,-8.67,-1.18,3,13,8,9,0,11,2128,2280,,71.4,102.3,0.318,0.452,0.54,47.3,57.3,7.7,8.7,0.515,16.5,26.8,0.214
61,Coastal Carolina,25,12,13,0.48,-0.55,-1.99,6,7,7,2,4,9,1893,1785,,70.2,106.8,0.42,0.376,0.56,52.1,50.5,9.1,8.1,0.522,17.5,31.2,0.3
62,Colgate,28,18,10,0.643,-0.12,-3.63,10,5,10,1,8,9,2075,1962,,67.5,108.3,0.278,0.398,0.571,52.8,56.6,8.4,9.7,0.545,16.7,29.8,0.204
63,College of Charleston,29,21,8,0.724,2.82,-2.25,10,6,12,2,7,4,2159,1999,,66.4,111.1,0.345,0.371,0.579,50.7,42.4,10.2,7,0.542,14.1,25.7,0.264
64,Colorado State,26,10,16,0.385,-0.92,1.72,5,8,7,7,2,7,1956,1988,,69.2,108.7,0.336,0.399,0.572,50.2,54.7,8.8,6.8,0.547,15.1,25.6,0.232
65,Colorado,26,16,10,0.615,9.16,2.97,7,7,10,2,5,7,1952,1791,,70.2,106.5,0.375,0.359,0.558,53.8,50.1,7.3,8.6,0.519,16.6,29.9,0.277
66,Columbia,22,6,16,0.273,-6.13,-2.33,1,7,4,6,1,8,1605,1595,,69.4,101.6,0.215,0.387,0.534,50,59.1,11.3,8.4,0.513,16.2,26.8,0.152
67,Connecticut,26,13,13,0.5,8.08,3.62,4,9,12,3,0,6,1975,1859,,70.8,106.8,0.308,0.365,0.541,52.1,47.4,9,12.4,0.515,15.9,33.9,0.21
68,Coppin State,27,6,21,0.222,-18.64,-5.12,6,6,3,5,3,15,1704,2069,,71.7,87.6,0.357,0.448,0.484,48.2,44.5,7.2,9.3,0.449,20.1,24.8,0.235
69,Cornell,24,13,11,0.542,-4.86,-1.95,5,3,7,4,6,7,1697,1704,,69.7,99.9,0.348,0.429,0.55,46.8,61.1,8,9.1,0.518,16.9,19.4,0.245
70,Creighton,27,14,13,0.519,12.1,9.33,5,9,8,6,3,7,2144,2022,,70.3,111.4,0.28,0.464,0.596,50.3,55.8,8.7,7.4,0.579,16.6,25.6,0.193
71,Dartmouth,24,11,13,0.458,-3.99,-2.99,2,6,8,4,2,8,1792,1693,,68.3,108.7,0.264,0.426,0.57,50.7,54.3,7.2,9.4,0.546,15,25,0.191
72,Davidson,26,19,7,0.731,7.28,2.44,10,3,12,1,5,4,1856,1701,,66.5,106.9,0.278,0.478,0.561,50.8,57.8,7.5,7.5,0.531,14.8,23.2,0.209
73,Dayton,26,17,9,0.654,9.81,3.47,9,4,11,3,5,3,1918,1753,,66.6,109.7,0.318,0.345,0.58,51.8,59.5,7.4,7.3,0.559,16,26.7,0.217
74,Delaware State,24,4,20,0.167,-27.4,-7.31,1,10,3,6,1,14,1514,1887,,72.8,86.7,0.24,0.409,0.444,46.7,47.6,9.2,5.7,0.413,16.5,27.9,0.164
75,Delaware,28,16,12,0.571,-7.72,-5.53,8,7,9,5,7,7,1999,1988,,65.2,106.2,0.323,0.409,0.563,49.2,51.3,6.6,7.1,0.531,15.5,24,0.237
76,Denver,27,7,20,0.259,-12.09,-2.2,2,11,5,6,1,13,1873,2106,,68.9,100.2,0.267,0.357,0.539,51.5,47.2,6.8,7.9,0.508,17.7,26.8,0.2
77,DePaul,25,13,12,0.52,6.13,4.45,5,9,10,6,3,6,1888,1846,,70.4,106.7,0.342,0.331,0.552,54,52.7,9,9.2,0.519,16.9,33,0.245
78,Detroit Mercy,27,10,17,0.37,-5.57,-0.13,7,8,5,5,4,12,1958,2105,,70.5,102.9,0.307,0.439,0.527,45.4,40.7,11.3,7.1,0.496,14.6,28,0.216
79,Drake,28,21,7,0.75,3.32,0.28,10,5,12,2,6,4,2141,1988,,69.7,107.8,0.315,0.417,0.578,51.4,58,7.6,10.1,0.547,16.8,26.1,0.237
80,Drexel,28,12,16,0.429,-6.46,-2.91,6,9,8,5,3,11,2153,2172,,70.8,108.6,0.31,0.358,0.562,51.7,52.8,6.5,5,0.526,14.9,28.3,0.237
81,Duke,26,23,3,0.885,30.29,11.37,11,2,13,2,6,0,2233,1741,,74.5,114.7,0.352,0.377,0.564,54.3,52.7,14,17.1,0.538,14.5,37.1,0.241
82,Duquesne,26,17,9,0.654,1.93,-1.03,8,5,13,3,3,4,1917,1840,,70.8,102.7,0.353,0.445,0.533,49.1,56.1,11.1,12.7,0.499,17.4,31.9,0.246
83,East Carolina,25,9,16,0.36,-5.04,0.01,2,11,8,7,0,9,1675,1801,,70.2,94,0.357,0.307,0.494,49,51.2,10.8,10.6,0.457,17.1,28.6,0.242
84,East Tennessee State,29,22,7,0.759,6.89,-1.67,12,4,12,2,7,5,2333,1990,,70.2,113.1,0.29,0.364,0.572,58.5,53.7,10.7,11.7,0.553,16.8,39,0.195
85,Eastern Illinois,28,14,14,0.5,-11.01,-4.41,7,8,7,4,5,8,2027,2152,,69.3,102.6,0.284,0.38,0.534,48.7,52.3,9,10.8,0.508,16.1,28.3,0.195
86,Eastern Kentucky,28,12,16,0.429,-8.04,-2.61,5,10,8,4,2,10,2302,2315,,81.1,100,0.329,0.388,0.517,48,50.7,12.9,8.2,0.481,15.6,27.9,0.234
87,Eastern Michigan,26,12,14,0.462,1.4,5.58,6,7,9,5,3,9,1816,1805,,66.9,103.4,0.307,0.355,0.527,51.4,46.2,11.1,14,0.506,17.3,36,0.196
88,Eastern Washington,26,10,16,0.385,-8.6,-2.76,8,7,8,3,1,12,1850,1977,,69.4,100.5,0.249,0.428,0.525,48.6,53,8.4,8.5,0.499,15,23.9,0.176
89,Elon,28,9,19,0.321,-12.6,-2.71,5,10,4,10,4,7,1947,2144,,69.4,99.3,0.252,0.505,0.539,47.9,57.4,5.9,5.2,0.517,17.3,23.2,0.173
90,Evansville,28,10,18,0.357,-3.36,0.76,4,11,9,6,1,12,1957,2028,,70.8,97.4,0.372,0.432,0.538,47.2,53.4,8,7.2,0.498,16.9,18.4,0.271
91,Fairfield,27,7,20,0.259,-10.37,-6.33,4,11,3,7,3,12,1836,1945,,69.4,98,0.241,0.424,0.529,47.6,51.7,9.3,5.9,0.505,18.1,25.5,0.168
92,Fairleigh Dickinson,27,14,13,0.519,-7.36,-7.08,9,6,9,4,4,9,2045,1985,,69.6,106.8,0.349,0.344,0.569,48.8,52.9,11.1,10.2,0.54,16.8,28,0.246
93,Florida A&M,28,11,17,0.393,-12.67,-7.55,8,5,6,3,5,12,1767,1871,,66.8,94,0.313,0.303,0.521,47.7,50.4,10.8,10.2,0.503,20.6,27.8,0.191
94,Florida Atlantic,27,16,11,0.593,-0.17,-1.34,7,7,9,3,5,7,1934,1837,,70.5,100.2,0.272,0.453,0.523,52.9,51.3,7.9,7.9,0.489,17.6,30.6,0.201
95,Florida Gulf Coast,29,12,17,0.414,-5.13,-0.35,7,7,9,3,3,10,2047,2147,,71.2,99.1,0.348,0.396,0.548,47.8,53.9,9.4,11.3,0.522,18.9,25.3,0.233
96,Florida International,27,16,11,0.593,-4.22,-1.43,7,7,10,4,4,7,2273,2180,,81.8,103,0.372,0.43,0.536,45.2,51.5,13.1,11,0.511,15.4,25.8,0.239
97,Florida State,26,21,5,0.808,18.04,8.35,9,4,12,1,5,3,2007,1755,,70.5,108.4,0.373,0.373,0.555,53.8,50.1,10.8,12.3,0.517,16.6,34.3,0.274
98,Florida,26,15,11,0.577,15.94,10.68,7,6,8,4,4,5,1792,1655,,65.9,103.5,0.278,0.442,0.526,49.4,51.6,11.5,13.1,0.496,15.5,31.3,0.197
99,Fordham,26,11,15,0.423,-2.99,-2.39,2,11,8,8,3,6,1777,1744,,66.7,101,0.244,0.448,0.516,47.8,47.1,9.1,9.5,0.492,14.2,25.9,0.167
100,Fresno State,26,19,7,0.731,9.56,1.16,10,4,11,4,6,2,1976,1738,,69.5,108.8,0.324,0.466,0.57,51.3,52.5,10,10.3,0.541,16.1,27.4,0.234
101,Furman,27,22,5,0.815,8.12,-2.13,11,4,13,1,9,4,2120,1763,,68.8,112.1,0.263,0.477,0.581,51.6,56.9,13.1,12,0.561,15.9,30.4,0.185
102,Gardner-Webb,28,18,10,0.643,-4.03,-5.31,9,5,11,0,5,8,2209,1985,,69.5,110.5,0.373,0.361,0.583,49.4,53.1,10.5,9.1,0.553,15,25.1,0.267
103,George Mason,26,15,11,0.577,1.95,0.1,9,4,10,4,5,5,1853,1805,,68.9,102.5,0.357,0.341,0.546,50.8,46.9,9.1,8.7,0.509,16.5,26.2,0.259
104,George Washington,26,8,18,0.308,-4.97,1.61,4,9,6,9,2,7,1683,1854,,68.1,93.7,0.332,0.353,0.504,46.9,50.3,7.7,8.5,0.472,16.8,22.1,0.224
105,Georgetown,26,16,10,0.615,9,5.31,6,7,11,5,4,4,2117,2021,,73.7,107.9,0.385,0.384,0.562,52.9,63.1,7.7,10.8,0.522,15.9,29.5,0.285
106,Georgia Southern,27,17,10,0.63,3.63,1.11,9,5,8,3,5,7,2248,2060,,76,108.5,0.363,0.318,0.577,50.5,41.4,10.1,10.2,0.552,16.2,27.1,0.25
107,Georgia State,27,19,8,0.704,2.5,0.77,10,4,11,1,5,6,2080,1987,,70.9,108.6,0.341,0.435,0.574,46,46,10.9,14.9,0.556,14.9,23.9,0.223
108,Georgia Tech,27,12,15,0.444,8.18,7.88,4,10,10,7,2,7,1760,1752,,69.2,94.2,0.364,0.338,0.523,48.9,58,10.6,15.2,0.485,19.4,25.1,0.256
109,Georgia,26,10,16,0.385,6.16,7.58,1,12,8,7,1,7,1921,1958,,71.6,103.2,0.399,0.368,0.546,53.3,54.9,7.9,12.2,0.507,19.1,34.6,0.286
110,Gonzaga,28,26,2,0.929,29.68,4.54,13,0,15,0,7,1,2528,1824,,72.1,125.3,0.366,0.36,0.629,54.6,57.3,10.2,14,0.598,12.7,31.8,0.28
111,Grambling,26,13,13,0.5,-8.97,-7.67,7,6,8,3,5,9,1861,1789,,72.5,97.8,0.441,0.294,0.538,50.9,50.6,8.5,12.3,0.505,19.8,27.3,0.293
112,Grand Canyon,26,16,10,0.615,6.49,-2.12,9,4,9,2,5,5,1964,1740,,69,108.9,0.352,0.389,0.558,52.7,53.8,9,6.6,0.522,15.4,30.6,0.256
113,Green Bay,27,14,13,0.519,-3.54,-0.18,8,6,10,2,3,11,2234,2196,,77.6,105.7,0.356,0.371,0.551,47.8,52,10.2,10.1,0.518,14.5,24.8,0.253
114,Hampton,26,11,15,0.423,-5.21,-4.95,6,7,7,3,3,10,2123,2006,,73.3,108.3,0.349,0.385,0.54,50.1,51,8.7,9.5,0.495,13,28.8,0.268
115,Hartford,27,14,13,0.519,-3.23,-3.53,7,5,8,3,5,8,1998,1950,,68.8,106.5,0.333,0.457,0.569,47.1,54.3,10,5.3,0.535,16,24.4,0.248
116,Harvard,21,13,8,0.619,2.6,0.5,6,2,7,2,5,6,1489,1435,,68.1,101.7,0.309,0.419,0.572,53.4,48.6,8.1,11.6,0.549,21,27.2,0.213
117,Hawaii,26,16,10,0.615,0.3,-2.58,7,5,12,4,2,3,1875,1763,,67.5,105.8,0.335,0.435,0.556,50.7,61.6,7.8,5.7,0.532,15.5,26.3,0.226
118,High Point,27,14,13,0.519,-5.02,-4.02,7,6,8,3,4,7,1826,1805,,65.7,101.6,0.355,0.332,0.521,55.2,50.3,8.6,9.8,0.49,17,34.4,0.238
119,Hofstra,28,23,5,0.821,6.25,-4.64,13,2,14,0,8,5,2342,1995,,68.9,118.2,0.375,0.401,0.606,50.8,49.9,9.4,8.5,0.564,12.7,26.7,0.299
120,Holy Cross,28,14,14,0.5,-5.42,-4.17,5,10,8,5,4,9,1874,1909,,64.5,102.3,0.235,0.363,0.546,43.5,62.2,11.5,12.1,0.528,14.9,21.1,0.159
121,Houston Baptist,24,10,14,0.417,-7.58,-3.72,6,7,7,4,3,10,1925,1922,,75,105.3,0.41,0.304,0.536,52.9,50.1,10.2,4.7,0.502,17.4,36.3,0.278
122,Houston,26,25,1,0.962,17.62,2.58,12,1,17,0,8,1,1960,1569,,67.8,111.2,0.315,0.438,0.551,55.4,57.2,9.8,14.2,0.519,14.6,34.2,0.229
123,Howard,27,12,15,0.444,-12.16,-8.2,6,6,6,8,5,7,2135,2121,,74.8,104.8,0.367,0.3,0.523,48.8,48.5,7.3,10.7,0.482,13.8,30.4,0.263
124,Idaho State,25,9,16,0.36,-11.94,-3.77,5,11,4,6,5,9,1846,1971,,69,107.1,0.29,0.437,0.558,48.6,50.4,7.4,7.5,0.53,15.2,26.8,0.21
125,Idaho,26,4,22,0.154,-19.09,-5.3,1,14,3,10,1,9,1741,1980,,67.3,99,0.269,0.388,0.539,47.7,50.9,6,4.7,0.512,17.8,24.6,0.192
126,Illinois-Chicago,27,14,13,0.519,-2.83,-1.27,8,6,11,3,3,10,2026,2024,,71.1,104.1,0.287,0.461,0.565,47.9,54.7,9.1,11.1,0.545,17.4,24.3,0.195
127,Illinois State,28,14,14,0.5,-2.03,0.53,7,8,10,4,2,9,1935,1987,,67.8,101,0.275,0.407,0.535,49.5,54.3,6.9,9.7,0.508,16.4,25.5,0.192
128,Illinois,26,10,16,0.385,11.24,11.86,6,9,8,4,1,7,1919,1935,,71.9,101.7,0.283,0.383,0.526,47.4,50.4,10.8,7.2,0.499,16.1,29.3,0.195
129,Incarnate Word,26,6,20,0.231,-17.43,-3.79,1,12,5,8,0,10,1695,1933,,66.6,96.9,0.375,0.326,0.565,46.3,47.5,9.4,5,0.514,21.9,23.9,0.303
130,Indiana State,27,14,13,0.519,-1.71,1.25,6,9,8,5,4,7,1891,1940,,69.6,99.6,0.372,0.283,0.537,48.6,46.8,9.1,6.9,0.497,17.1,24.1,0.269
131,Indiana,26,13,13,0.5,14.08,10.5,4,11,10,5,2,8,1825,1732,,68.6,101.8,0.352,0.33,0.538,51,51.4,9,12.2,0.512,16.8,27.7,0.232
132,Iona,26,11,15,0.423,-6.47,-5.39,9,6,7,3,3,9,1993,2021,,72.5,105.7,0.363,0.43,0.56,48,51.2,9.5,8,0.523,15.8,25.4,0.267
133,Iowa State,26,19,7,0.731,19.24,7.62,8,5,11,3,5,3,2042,1740,,68.9,114,0.299,0.404,0.582,50.8,56.5,10.3,12.9,0.555,13.9,28.1,0.22
134,Iowa,26,20,6,0.769,16.38,8.53,9,6,13,3,4,3,2094,1890,,70.9,113.6,0.447,0.393,0.586,51.7,60.3,9.3,9.6,0.542,15.1,30.7,0.336
135,Purdue-Fort Wayne,29,17,12,0.586,-3.29,-2.83,9,5,11,3,6,8,2424,2268,,73.6,112.6,0.277,0.462,0.588,49,54.1,9.9,11.5,0.57,14.4,24.8,0.192
136,IUPUI,27,14,13,0.519,-1.88,-2.88,6,8,9,4,3,9,2084,1991,,72.3,106.7,0.382,0.348,0.547,53.4,53.4,9.9,9.2,0.512,16.8,34.9,0.268
137,Jackson State,26,9,17,0.346,-15.52,-7.65,6,7,6,3,2,13,1592,1756,,68.6,88.8,0.322,0.326,0.468,50.4,47.9,9.3,12,0.438,17.9,28.8,0.203
138,Jacksonville State,28,20,8,0.714,1.61,-5.35,12,3,9,1,8,7,2122,1869,,71.5,105.5,0.309,0.301,0.535,54.2,47.5,10.8,13.1,0.498,15.9,33.2,0.231
139,Jacksonville,28,12,16,0.429,-7.36,-4.63,5,8,5,6,6,9,2125,2107,,74.1,102,0.304,0.325,0.538,51.1,52.3,9,13.4,0.511,17.3,29,0.209
140,James Madison,28,12,16,0.429,-8.25,-3.79,5,10,8,4,3,10,1953,2018,,66.1,103.2,0.334,0.371,0.54,50.7,49.6,9.4,8.7,0.505,16.9,30.4,0.24
141,Kansas State,26,20,6,0.769,14.07,8.1,10,3,10,2,6,4,1711,1556,,65.4,100.6,0.316,0.377,0.52,51.4,58,11.4,6.8,0.494,15.7,28.7,0.209
142,Kansas,26,20,6,0.769,19.58,12.51,9,4,14,0,2,6,2000,1816,,71.2,106.5,0.335,0.35,0.561,51.1,49.3,9.9,10.5,0.535,16.4,28.9,0.23
143,Kennesaw State,28,5,23,0.179,-16.43,-1,2,11,5,8,0,12,1761,2133,,70.9,88.4,0.311,0.217,0.453,48.7,48.8,8.1,8.9,0.412,16.6,29.2,0.217
144,Kent State,26,19,7,0.731,2.27,0.23,8,5,12,3,7,4,1973,1880,,69.6,107.9,0.35,0.385,0.54,50.2,51.4,10.1,10.4,0.503,13.9,31.9,0.254
145,Kentucky,26,22,4,0.846,21.76,8.92,11,2,14,1,7,1,2033,1699,,68.8,113.2,0.42,0.304,0.574,56.8,51.6,9.3,13.7,0.531,15.9,37.9,0.314
146,La Salle,25,8,17,0.32,-2.61,1.71,6,7,3,8,3,6,1707,1815,,70.4,96.9,0.285,0.424,0.516,47.9,52.9,11.2,8,0.477,17.8,28.2,0.217
147,Lafayette,26,10,16,0.385,-10.04,-5,7,8,4,8,6,8,1907,1992,,70.3,102.4,0.225,0.404,0.551,48.7,52.1,7.5,11,0.525,17.2,23.6,0.171
148,Lamar,27,15,12,0.556,-6.98,-5.76,8,6,10,2,5,10,2107,1897,,71.8,106.7,0.444,0.326,0.541,54.7,52.8,12.2,8.5,0.503,17.3,37.5,0.305
149,Lehigh,26,18,8,0.692,-0.73,-4.19,11,4,10,2,8,6,2105,2015,,72.4,110.7,0.34,0.382,0.609,50.1,55,7.5,5.7,0.577,16.8,22.4,0.26
150,Liberty,28,23,5,0.821,5.49,-4.95,12,1,13,1,9,2,2096,1692,,65.8,113.8,0.257,0.453,0.6,52,56.1,10.4,8.3,0.575,15.2,26.2,0.197
151,Lipscomb,27,21,6,0.778,9.52,-2.41,12,2,11,2,10,4,2270,1857,,75.9,110.7,0.379,0.381,0.587,53.4,59.3,10.4,7.6,0.55,16,27.4,0.285
152,Long Beach State,28,10,18,0.357,-4.92,1.12,4,8,7,5,2,12,2106,2170,,74.6,100,0.414,0.315,0.524,48.9,47,8.5,7.9,0.486,17.2,29.4,0.282
153,Long Island University,27,12,15,0.444,-9.99,-8.22,6,9,6,5,5,7,2004,2017,,73.5,100.6,0.364,0.422,0.542,50.6,52,9.5,12,0.507,18.2,28.1,0.257
154,Longwood,29,15,14,0.517,-9.4,-7.75,5,9,9,4,5,8,2038,2026,,69,100.5,0.346,0.509,0.55,51,50.2,8.6,7.8,0.514,18.6,25,0.255
155,Louisiana,26,16,10,0.615,-1.94,-0.9,7,6,9,3,4,6,2151,2122,,75.9,108.5,0.355,0.409,0.557,48.2,52.6,9.7,10.2,0.518,15.5,29.7,0.267
156,Louisiana-Monroe,25,14,11,0.56,0.75,-1.5,7,6,11,1,2,10,1939,1843,,69.5,111.6,0.368,0.43,0.577,49.5,52.5,8.6,6.1,0.533,14.5,27.8,0.289
157,Louisiana State,26,21,5,0.808,16.69,7.85,11,2,12,2,7,1,2150,1920,,71.3,113.2,0.398,0.35,0.571,53.3,47,12.9,12.6,0.528,16,37.3,0.303
158,Louisiana Tech,27,17,10,0.63,1.84,-2.28,7,7,14,0,3,9,1980,1827,,68.4,105.8,0.359,0.394,0.532,51.2,52.5,8,10.7,0.505,14.6,30.3,0.235
159,Louisville,27,18,9,0.667,18.88,10.62,9,5,13,3,5,4,2061,1838,,69.2,108.4,0.387,0.433,0.567,52.2,54.3,7.1,7.9,0.522,16.2,28.9,0.298
160,Loyola (IL),28,17,11,0.607,4.99,0.13,10,5,12,4,4,5,1862,1703,,64,103.9,0.343,0.338,0.58,51,57.1,10.2,7.9,0.561,17.5,19.9,0.228
161,Loyola Marymount,27,17,10,0.63,3.23,1.47,5,8,10,4,5,6,1820,1688,,65.8,102.5,0.359,0.292,0.539,53.2,57.8,11.1,9.8,0.499,17.3,31.2,0.264
162,Loyola (MD),28,10,18,0.357,-8.97,-4.01,6,9,5,5,3,13,2043,2182,,70.6,101.9,0.345,0.324,0.544,49,52.8,11.8,6.6,0.511,17.3,28.2,0.244
163,Maine,27,5,22,0.185,-12.66,-2.85,3,9,3,7,2,15,1704,1904,,64.9,94.7,0.262,0.386,0.517,49.3,63.2,11.4,11.3,0.497,19.4,26.5,0.171
164,Manhattan,26,9,17,0.346,-12.04,-6.39,7,7,4,7,3,10,1484,1631,,63.4,90,0.337,0.393,0.497,49.1,56.3,11.2,8.3,0.48,21.9,30.1,0.194
165,Marist,26,12,14,0.462,-7.57,-7.03,7,7,4,5,6,9,1796,1810,,66.1,104,0.328,0.428,0.565,48.5,52.4,8.3,6.9,0.542,16.9,23.2,0.222
166,Marquette,26,22,4,0.846,16.75,6.75,11,2,16,1,5,2,2055,1795,,71,109.8,0.355,0.409,0.584,53.1,51.9,7.4,12.1,0.546,16.7,28.5,0.273
167,Marshall,27,14,13,0.519,-3.1,0.53,7,7,10,3,4,10,2147,2245,,76.6,102.4,0.303,0.445,0.541,43.1,50,12.1,11.6,0.509,14.9,22.6,0.22
168,Maryland-Baltimore County,28,18,10,0.643,-4.2,-5.2,10,3,9,4,6,5,1901,1757,,66.2,99.9,0.297,0.434,0.53,50.4,56.2,11.7,8.5,0.504,16.5,25.6,0.202
169,Maryland-Eastern Shore,28,4,24,0.143,-24.14,-5.03,2,11,3,7,1,17,1569,2035,,65.2,85.6,0.274,0.362,0.464,44.2,54.8,8.9,7.5,0.433,17.9,22.6,0.182
170,Maryland,27,20,7,0.741,17.4,9.47,11,5,13,2,6,4,1958,1744,,66.7,108.7,0.332,0.373,0.562,56.6,53.3,6.8,13.1,0.528,17.1,34.2,0.245
171,Massachusetts-Lowell,28,14,14,0.5,-7.67,-6.82,6,7,8,3,4,10,2186,2132,,73,106,0.356,0.395,0.572,50.1,57.8,7.8,6.8,0.541,17.5,27.3,0.255
172,Massachusetts,26,9,17,0.346,-1.83,-0.06,2,11,7,7,1,9,1836,1882,,68.5,102.7,0.317,0.409,0.536,51.1,58.1,7.6,7.7,0.509,16.9,30,0.217
173,McNeese State,26,8,18,0.308,-12.7,-5.06,4,9,7,6,1,12,1841,1940,,68.8,102.5,0.385,0.318,0.55,51.7,55.7,6.8,8.7,0.516,19.1,32.6,0.269
174,Memphis,27,16,11,0.593,9.55,3.92,8,6,13,2,2,6,2217,2065,,76.4,106.5,0.374,0.36,0.552,51.8,55.1,11,10.6,0.518,17.1,33.8,0.265
175,Mercer,27,10,17,0.37,-0.73,0.48,5,10,7,5,2,11,1982,1934,,69.4,105.3,0.38,0.386,0.551,48.9,49.7,9.7,8.3,0.517,16.4,28.9,0.266
176,Miami (FL),25,11,14,0.44,10.4,8.56,3,10,9,5,0,7,1804,1758,,68.8,104.3,0.304,0.435,0.546,47.9,49.4,9.1,9,0.515,15.3,25.3,0.221
177,Miami (OH),26,14,12,0.538,2.48,2.15,6,7,10,3,3,7,1884,1796,,68.4,105.4,0.342,0.452,0.546,52.4,46.4,8,8.7,0.513,16,29.6,0.243
178,Michigan State,27,22,5,0.815,25.45,10.82,13,3,13,1,7,3,2166,1771,,69.5,114.4,0.345,0.375,0.588,56,68.8,8,14.2,0.558,16.3,34.9,0.254
179,Michigan,27,24,3,0.889,21.35,8.68,13,3,16,0,5,3,1899,1557,,65.8,106.9,0.285,0.397,0.543,50.6,52.6,9.7,10.9,0.519,12.4,24.5,0.196
180,Middle Tennessee,27,8,19,0.296,-6.47,3.41,5,9,7,5,1,10,1816,2009,,71.2,94.4,0.311,0.345,0.505,52.4,44.5,8.4,7.5,0.473,20,32,0.213
181,Milwaukee,27,9,18,0.333,-8.92,-2.88,4,10,6,6,3,10,1910,2044,,69.7,101.1,0.282,0.381,0.525,49.5,45.8,6.5,9.4,0.489,15.5,25.9,0.212
182,Minnesota,27,17,10,0.63,12.69,10.03,7,9,13,2,1,7,1947,1875,,68.6,105.2,0.424,0.292,0.523,52.7,60,7,10.3,0.485,15,33.6,0.287
183,Mississippi State,26,19,7,0.731,16.1,8.56,7,6,11,3,5,3,2031,1835,,69,112.1,0.322,0.38,0.574,53,51.1,12,13.8,0.545,16.3,35.1,0.232
184,Mississippi Valley State,27,5,22,0.185,-22.39,-5.89,3,10,5,4,0,18,1723,2112,,70.7,89.9,0.339,0.283,0.459,47.2,49.3,8.1,5.7,0.421,15.7,28.3,0.223
185,Mississippi,26,18,8,0.692,13.44,7.02,8,5,10,3,5,4,1991,1824,,69.7,109.4,0.339,0.39,0.574,51.8,54.8,11.1,10.2,0.536,16.3,31.9,0.261
186,Missouri-Kansas City,27,10,17,0.37,-5.8,-0.88,5,7,8,3,2,11,1888,1980,,68.8,100.7,0.343,0.401,0.535,45.7,44.9,10.1,7.9,0.503,15.7,24.5,0.238
187,Missouri State,28,15,13,0.536,-0.39,-0.8,9,6,10,3,5,8,1962,1897,,67,104.1,0.368,0.381,0.556,50.5,46.5,10.6,12.7,0.526,16.5,26.7,0.254
188,Missouri,25,12,13,0.48,7.5,8.7,3,10,8,6,1,6,1689,1719,,66.6,100.4,0.297,0.418,0.535,52.1,46.8,6.8,5.4,0.506,18.6,31.4,0.208
189,Monmouth,28,10,18,0.357,-10.94,-3.73,9,6,6,4,4,11,1802,2004,,68.6,92.2,0.406,0.303,0.494,49.8,49.7,10,10.5,0.449,18.6,29.1,0.281
190,Montana State,25,12,13,0.48,-7.53,-4.7,9,6,7,4,4,9,1939,1992,,72.4,107.2,0.357,0.417,0.561,49.9,55.8,7.7,4.8,0.527,15.2,25.6,0.258
191,Montana,25,19,6,0.76,2.34,-4.88,12,2,9,1,8,4,1933,1715,,69.1,111.3,0.348,0.38,0.584,51.8,50.4,9.5,7.6,0.561,15.1,27.4,0.239
192,Morehead State,28,10,18,0.357,-7.23,-1.08,6,9,7,6,2,10,2082,2169,,70.8,103.6,0.328,0.374,0.529,48.8,50.6,8.1,10.6,0.496,15,29.6,0.232
193,Morgan State,24,8,16,0.333,-14.2,-8.2,3,8,6,4,1,12,1727,1854,,74.1,96.1,0.339,0.261,0.484,47.6,48.4,10.2,5,0.44,15.7,31.7,0.244
194,Mount St. Mary's,28,8,20,0.286,-13.4,-4.9,5,10,4,8,3,12,1902,2069,,69.7,97.4,0.347,0.415,0.515,47.8,47.6,6.7,9.9,0.484,16.8,26.8,0.231
195,Murray State,26,22,4,0.846,7.62,-5,13,2,12,1,9,3,2161,1760,,71.5,116.2,0.34,0.378,0.59,52.3,59.7,11.2,12,0.561,14.8,32.2,0.249
196,Navy,26,9,17,0.346,-10.71,-3.9,6,9,7,6,2,10,1717,1894,,68.8,96,0.299,0.373,0.497,52.3,55.3,7.8,5.9,0.461,17.7,31.8,0.215
197,Omaha,26,17,9,0.654,-1.43,-2.35,11,2,10,2,7,7,2094,2035,,71.1,112.2,0.24,0.369,0.577,48.5,44.2,8.2,5.4,0.556,12.5,24.2,0.175
198,Nebraska,27,15,12,0.556,16.63,10.09,5,11,11,4,2,7,1941,1730,,67.4,106.7,0.328,0.384,0.529,49.1,51.8,10.8,10.8,0.496,12.8,29,0.231
199,Nevada-Las Vegas,26,15,11,0.577,1.95,0.03,9,5,9,5,5,4,1939,1889,,69.7,106.4,0.361,0.401,0.531,53.3,50.8,8.7,10.3,0.498,15.7,35.9,0.248
200,Nevada,26,24,2,0.923,17.91,2.25,11,2,12,0,8,2,2119,1712,,71.5,113.9,0.402,0.428,0.575,51.4,55.8,8.8,11.5,0.539,12.5,25.9,0.292
201,New Hampshire,26,3,23,0.115,-19.45,-4.91,1,12,3,9,0,13,1567,1823,,67.6,89.1,0.229,0.466,0.467,47.7,51.2,5.8,6,0.448,15.8,23.8,0.14
202,New Mexico State,27,23,4,0.852,9.7,-0.7,11,1,14,1,8,1,2073,1748,,68,112.3,0.349,0.456,0.549,56.4,52.3,8.5,7.5,0.522,14.3,37,0.236
203,New Mexico,26,11,15,0.423,0.41,3.13,5,9,7,7,4,7,1969,1981,,74.2,102,0.382,0.446,0.543,49,53.4,9.3,8.8,0.506,17.4,27.5,0.27
204,New Orleans,25,15,10,0.6,-8.04,-5.76,10,4,12,2,3,8,1813,1732,,71.6,99.3,0.354,0.288,0.528,49.7,58.3,13.1,11.8,0.495,19.1,33.3,0.244
205,Niagara,27,12,15,0.444,-9.98,-7.35,5,9,8,7,4,8,1954,2025,,70.6,102.5,0.327,0.383,0.53,49.8,44.7,5.8,9.8,0.492,15.2,26.3,0.242
206,Nicholls State,26,11,15,0.423,-13.5,-5.09,4,9,6,2,3,13,1863,1958,,71.6,99.2,0.208,0.456,0.524,45.5,53,9,10.2,0.496,15.8,24.5,0.159
207,NJIT,28,19,9,0.679,-3.54,-5.87,7,6,10,3,9,6,1967,1871,,69.1,100.7,0.386,0.377,0.542,48.9,46.5,9.2,7.5,0.504,15.9,22.3,0.274
208,Norfolk State,27,16,11,0.593,-8.11,-7.7,11,1,10,1,6,7,1996,1880,,72,101.3,0.384,0.367,0.548,49.4,51,8.3,13.5,0.511,17.9,26,0.275
209,North Alabama,28,9,19,0.321,-11.46,-1.1,6,7,7,3,2,16,1875,2077,,70.9,94,0.329,0.417,0.49,48.9,44.6,8.7,6.6,0.457,16.7,26.9,0.218
210,North Carolina-Asheville,27,4,23,0.148,-18.16,-1.83,2,11,3,7,1,13,1621,1980,,64.3,92.9,0.268,0.424,0.507,46.8,50.5,10,8.9,0.471,20.1,29.4,0.201
211,North Carolina A&T,26,14,12,0.538,-11.93,-8.14,9,3,7,2,7,10,1833,1851,,68.3,102.7,0.311,0.369,0.55,46.7,55.1,9.6,8.7,0.528,16.7,26.1,0.207
212,North Carolina Central,27,13,14,0.481,-11.08,-10.04,8,5,8,2,4,11,1963,1816,,69.7,103.8,0.333,0.352,0.548,55.1,58.9,9.5,7.5,0.516,19.2,35.3,0.239
213,North Carolina-Greensboro,28,23,5,0.821,3.55,-1.83,12,3,12,1,9,4,2150,1884,,70.2,109,0.299,0.373,0.551,50.4,45.8,12.7,11.5,0.525,14.5,31.5,0.209
214,North Carolina State,27,19,8,0.704,16.75,6.08,7,7,14,3,3,5,2211,1923,,72.5,111.9,0.291,0.352,0.56,53.2,52.8,10.6,10.1,0.535,15.5,36.4,0.205
215,North Carolina-Wilmington,29,9,20,0.31,-7.39,-1.57,5,11,5,9,2,9,2239,2363,,70.3,108.4,0.342,0.374,0.551,52.8,56.6,6.3,5.5,0.516,15.9,32.5,0.25
216,North Carolina,26,21,5,0.808,25,10.73,11,2,11,2,9,1,2275,1904,,76.7,113.5,0.308,0.352,0.573,56,61.9,10.2,10,0.542,15.4,34.4,0.228
217,North Dakota State,27,14,13,0.519,-3.69,-1.45,8,5,10,2,3,8,1997,1974,,67.5,108.7,0.313,0.47,0.58,49,47.3,7.3,5.7,0.545,14.8,21.1,0.243
218,North Dakota,26,10,16,0.385,-9.07,-2.7,4,9,7,6,3,10,1912,1892,,71.6,102.7,0.278,0.372,0.553,48.7,50.4,8.3,7.2,0.529,16.5,22.6,0.194
219,North Florida,29,13,16,0.448,-3.98,-0.16,7,7,7,3,5,12,2194,2257,,74.8,100.7,0.266,0.438,0.546,49.9,57.1,8.8,11,0.522,19.4,30.8,0.184
220,North Texas,27,20,7,0.741,2.05,-3.61,8,6,12,2,6,5,1933,1669,,67,106.4,0.283,0.434,0.546,53.4,49.7,10,7.3,0.524,16.2,31.7,0.191
221,Northeastern,27,17,10,0.63,3.79,-0.28,11,4,9,2,6,6,2041,1931,,66.6,110.9,0.346,0.456,0.599,49.6,53.6,9.1,6.2,0.566,15.9,22.5,0.262
222,Northern Arizona,26,9,17,0.346,-10.28,-5.93,7,9,4,6,4,11,1903,2016,,70.1,103.9,0.347,0.409,0.538,48.4,49.5,9.1,6.9,0.508,14.8,25.5,0.238
223,Northern Colorado,26,17,9,0.654,-3.92,-6.55,11,4,8,2,9,5,2008,1809,,68.9,111.1,0.354,0.46,0.577,52.4,50.6,7.2,7,0.548,15.5,29.2,0.252
224,Northern Illinois,26,12,14,0.462,2,1.09,5,8,8,5,3,8,1933,1865,,68.8,106.5,0.284,0.321,0.562,51.8,41.6,7.5,6.3,0.534,15.9,26.8,0.207
225,Northern Iowa,28,13,15,0.464,-1.35,1.11,8,7,8,4,3,8,1867,1877,,66.3,100.6,0.312,0.44,0.533,49.9,48.8,7,6.6,0.497,15.7,23.8,0.23
226,Northern Kentucky,28,21,7,0.75,5.53,-2.81,11,4,15,0,5,7,2222,1901,,69.6,113.1,0.378,0.425,0.582,53.3,60.7,8.8,11.3,0.561,15.5,31.6,0.251
227,Northwestern State,27,10,17,0.37,-15.88,-4.46,5,9,7,6,3,11,1805,1998,,71.5,92.7,0.335,0.367,0.494,47.8,47.3,9.1,11.9,0.46,19.3,29.6,0.224
228,Northwestern,26,12,14,0.462,10.48,8.64,3,12,9,5,1,8,1724,1676,,67.1,98.4,0.319,0.403,0.509,49.2,61.1,7.9,10.8,0.47,15,25.8,0.232
229,Notre Dame,26,13,13,0.5,8.9,7.4,3,10,11,6,1,6,1839,1800,,67.1,105.4,0.303,0.446,0.513,49.3,54.5,8.1,12.9,0.473,12.3,29.9,0.229
230,Oakland,28,12,16,0.429,-3.79,-1.09,8,7,6,6,6,10,2128,2157,,69.4,109.1,0.334,0.442,0.58,46.7,64.4,8.3,7.5,0.548,16.4,25.6,0.247
231,Ohio State,26,17,9,0.654,15.78,9.43,7,8,11,5,4,4,1829,1664,,66.9,105.1,0.357,0.385,0.554,51.6,57.2,8.6,7.5,0.518,17,28.3,0.259
232,Ohio,25,11,14,0.44,-3.69,3.02,3,10,9,4,2,8,1730,1855,,72.2,94.9,0.315,0.345,0.502,51.2,54.7,9.2,10.4,0.48,17.9,29.5,0.193
233,Oklahoma State,26,10,16,0.385,8.31,11,3,10,7,6,1,8,1763,1833,,66.9,101.4,0.327,0.409,0.533,49.7,56.7,8.6,12.6,0.503,16.6,28.3,0.224
234,Oklahoma,26,16,10,0.615,15.52,11.67,4,9,8,4,5,5,1850,1750,,70,101.1,0.323,0.338,0.527,51.1,49.6,8.5,9.4,0.497,15.7,27.3,0.221
235,Old Dominion,27,21,6,0.778,4.79,-2.32,11,3,13,1,7,3,1838,1646,,65.9,103.3,0.296,0.381,0.514,53.7,53.7,8.7,14.3,0.488,14.8,31.8,0.197
236,Oral Roberts,29,10,19,0.345,-9.01,-1.41,6,8,6,6,3,12,2091,2242,,69.4,103.5,0.259,0.392,0.549,52.2,50.3,6.8,9.4,0.528,18,30.3,0.177
237,Oregon State,25,16,9,0.64,8.45,3.57,8,5,10,3,4,3,1846,1724,,67.8,108.4,0.346,0.367,0.564,52.4,58.3,8.8,15.4,0.53,16.2,30.9,0.253
238,Oregon,26,15,11,0.577,9.96,5,6,7,11,4,3,5,1808,1679,,66.4,104.3,0.31,0.396,0.543,51,54.6,11.3,14.3,0.51,15.9,28.6,0.226
239,Pacific,28,13,15,0.464,-2.43,1.38,3,10,9,4,4,10,1890,1959,,66.8,100.1,0.421,0.327,0.535,51.2,43.8,8.9,4.8,0.484,17.3,26.8,0.316
240,Penn State,26,10,16,0.385,11.91,11.87,3,12,7,6,1,8,1801,1800,,68.1,100.7,0.321,0.376,0.508,51.3,49.3,11.4,10,0.476,15.5,31.2,0.22
241,Pennsylvania,24,15,9,0.625,1.97,-0.2,3,5,7,3,7,4,1794,1695,,70.3,104.1,0.308,0.436,0.555,49.7,56.4,9.1,5.8,0.539,16.2,25.3,0.196
242,Pepperdine,28,12,16,0.429,0.46,0.38,5,9,8,4,2,10,2122,2086,,71.2,105.4,0.35,0.413,0.557,47,56.2,9.4,7.4,0.519,15.6,24.6,0.262
243,Pittsburgh,27,12,15,0.444,9.44,6.07,2,12,10,6,0,9,1951,1860,,69.8,102.5,0.429,0.366,0.527,49.9,49.5,10,11.2,0.485,16.7,32.5,0.3
244,Portland State,26,12,14,0.462,-9.59,-4.98,7,8,8,4,2,9,2041,1984,,72.9,106.6,0.377,0.377,0.525,55.2,51.2,11.5,11.1,0.488,16.5,39.9,0.263
245,Portland,28,7,21,0.25,-10.04,0.73,0,13,6,10,1,9,1841,2093,,69.4,93.8,0.395,0.39,0.512,46.2,53.7,8,11,0.476,17.4,20.9,0.266
246,Prairie View,25,13,12,0.52,-8.93,-6.34,11,1,6,0,7,12,1836,1882,,73.3,100.2,0.399,0.323,0.515,46.6,48.6,11.5,4.5,0.48,15.9,30.3,0.266
247,Presbyterian,28,16,12,0.571,-3.55,-4.51,8,5,11,2,5,10,2213,2041,,69.9,112.5,0.335,0.47,0.575,49.1,58.8,8.5,6,0.545,12.8,25.3,0.244
248,Princeton,21,13,8,0.619,-3.12,-0.27,5,3,5,3,7,4,1467,1458,,69.8,98.9,0.306,0.41,0.51,49.9,44.2,8.6,6.9,0.471,15.3,26.7,0.227
249,Providence,27,15,12,0.556,8.1,5.92,5,9,10,5,4,5,1930,1871,,69.1,102.1,0.391,0.342,0.515,51.1,59.8,10.7,10.7,0.475,15.7,32.4,0.271
250,Purdue,26,19,7,0.731,20.93,11.77,12,3,13,0,4,5,1992,1754,,66.7,113.8,0.289,0.457,0.561,53.2,53,9.8,13.5,0.532,13.7,34.3,0.213
251,Quinnipiac,26,14,12,0.538,-5.95,-7.14,9,6,7,6,7,5,1918,1887,,67.7,105.8,0.372,0.523,0.553,50.6,53,7.6,5,0.52,16.7,29.7,0.261
252,Radford,27,19,8,0.704,1.74,-1.51,11,2,10,1,8,6,2023,1849,,67.1,110.7,0.279,0.393,0.566,52.6,53.5,8.9,10,0.541,14.7,29.8,0.2
253,Rhode Island,25,12,13,0.48,1.46,1.18,5,8,7,4,3,7,1693,1686,,68.7,98,0.388,0.325,0.496,52,49.1,10.2,12.5,0.456,15.8,32.2,0.261
254,Rice,27,10,17,0.37,-5.8,-0.64,5,9,8,6,2,11,2001,2109,,72.2,101.3,0.382,0.432,0.539,51.2,52.9,6.9,8.9,0.506,16.9,26.6,0.262
255,Richmond,26,11,15,0.423,-0.97,-1.05,5,8,7,8,3,5,1833,1831,,66.9,105.4,0.31,0.409,0.568,45.8,59.4,11.6,8.3,0.548,14.4,18.4,0.207
256,Rider,27,14,13,0.519,-4.66,-5.92,9,6,8,2,5,10,2049,2015,,73.9,102.2,0.413,0.335,0.527,50.4,51.9,12.2,10.1,0.502,15.7,30,0.256
257,Robert Morris,28,14,14,0.5,-9,-7.04,9,6,9,3,4,11,1950,1897,,68.8,100.3,0.333,0.4,0.532,50.3,58.4,10.8,8,0.501,18.3,30,0.231
258,Rutgers,26,12,14,0.462,9.06,9.87,5,11,9,6,3,8,1752,1773,,67.8,98.4,0.309,0.334,0.49,52.9,50.2,9.4,11.6,0.466,16.1,33.9,0.193
259,Sacramento State,24,12,12,0.5,-7.92,-6.11,6,9,7,4,3,8,1708,1648,,69.6,101.1,0.329,0.269,0.523,50.6,51.3,10.8,10.1,0.494,16,29,0.221
260,Sacred Heart,28,12,16,0.429,-8.35,-7.17,8,7,8,2,3,12,2235,2225,,74.4,106.8,0.371,0.349,0.56,52.6,53.7,7.5,10.6,0.518,17,30.9,0.28
261,Saint Francis (PA),26,15,11,0.577,-7.99,-5.41,11,4,9,2,5,9,1997,1972,,71.6,107.4,0.318,0.363,0.534,52.3,48.5,9.7,8.2,0.502,15.1,34.3,0.227
262,Saint Joseph's,26,11,15,0.423,-0.87,2.02,4,9,9,4,1,9,1811,1886,,68.3,102,0.302,0.449,0.518,48.6,49.3,7.9,10.2,0.482,12.1,22.1,0.221
263,Saint Louis,26,17,9,0.654,4.28,1.13,8,5,13,2,4,5,1740,1658,,67.9,98.5,0.421,0.333,0.493,54.3,54.7,11,12.1,0.465,16.4,34.9,0.254
264,Saint Mary's (CA),28,18,10,0.643,11.83,3.3,9,4,13,2,3,5,2091,1852,,65.1,114.2,0.309,0.358,0.574,54.5,39.3,9.3,6.1,0.543,13.8,31.9,0.229
265,Saint Peter's,26,6,20,0.231,-13.25,-5.48,3,11,5,6,1,14,1605,1807,,65,93.2,0.352,0.349,0.514,50,43.4,8.2,16.6,0.474,20.7,29,0.25
266,Sam Houston State,27,18,9,0.667,-2.23,-5.23,13,1,11,1,6,8,1986,1825,,68.8,105.4,0.263,0.416,0.541,51.1,60.1,11,9.6,0.511,15.4,29.9,0.194
267,Samford,28,16,12,0.571,1.34,-2.33,6,9,11,4,5,7,2185,2077,,71.3,106.5,0.345,0.341,0.575,50,50.4,10,10.7,0.544,17.4,26.9,0.25
268,San Diego State,26,17,9,0.654,5.53,1.53,9,4,13,2,3,5,1927,1774,,69,107.5,0.358,0.371,0.557,52.3,57.9,8.9,10.3,0.521,16.2,31.6,0.262
269,San Diego,28,17,11,0.607,6.57,3.54,6,7,11,3,4,7,2050,1920,,68.3,105.8,0.32,0.405,0.57,52.2,59.1,8.2,8.5,0.537,16.9,25.2,0.238
270,San Francisco,27,21,6,0.778,11.04,1.47,9,4,13,1,5,4,2062,1779,,67.5,112.7,0.307,0.391,0.557,52.1,50.4,9.2,8.6,0.539,12.9,30.8,0.2
271,San Jose State,25,3,22,0.12,-15.08,1.3,0,13,3,10,0,9,1621,1997,,70.6,90.9,0.353,0.355,0.492,50.8,58.9,5.6,5.7,0.461,19.6,29.2,0.228
272,Santa Clara,27,14,13,0.519,-2.12,1.15,6,7,10,6,3,5,1854,1911,,68,99.6,0.346,0.397,0.55,49.6,57,6.4,9.2,0.518,18.7,24.6,0.244
273,Savannah State,26,10,16,0.385,-20.06,-7.1,7,5,6,4,3,12,2000,2314,,79.1,96.8,0.254,0.579,0.505,45.5,56.7,10,7.6,0.481,16.9,27.4,0.171
274,Seattle,26,14,12,0.538,-1.06,-3.64,2,9,8,4,3,8,1919,1794,,70.5,104.7,0.368,0.322,0.544,52.5,45.2,6.6,9.6,0.509,15.8,29.6,0.26
275,Seton Hall,26,16,10,0.615,10.67,8.14,7,7,9,4,3,6,1921,1855,,70.4,104.5,0.341,0.361,0.545,49.4,52,9.8,11.1,0.512,15.6,27.4,0.243
276,Siena,28,14,14,0.5,-7.78,-5.99,9,6,6,7,7,6,1786,1836,,61,102.8,0.247,0.479,0.532,46.7,53.3,9.8,7.8,0.514,14.1,24.1,0.162
277,South Alabama,26,12,14,0.462,-4.51,-2.43,5,8,11,5,1,9,1916,1897,,69.8,104.1,0.353,0.413,0.555,48,55,8.4,11.4,0.531,16.9,26.1,0.235
278,South Carolina State,28,7,21,0.25,-16.43,-6.39,5,7,5,5,2,16,1946,2138,,69.4,99.3,0.405,0.305,0.522,50.8,45.6,6.8,6.1,0.472,17.8,32.4,0.302
279,South Carolina Upstate,29,6,23,0.207,-14.6,-4.3,1,14,5,7,1,13,1973,2147,,69.4,97.2,0.257,0.439,0.515,46.5,56.7,9.2,8.4,0.486,17.2,26.6,0.183
280,South Carolina,26,14,12,0.538,8.36,9.64,9,4,10,5,3,6,1940,1921,,72.2,102.8,0.365,0.347,0.528,50.1,51,8.6,12.9,0.494,16.6,32.5,0.25
281,South Dakota State,29,22,7,0.759,6.85,-4.76,12,2,11,1,7,5,2460,2112,,73,116.3,0.321,0.409,0.618,53.4,50.3,8.4,5.8,0.588,14.8,23.7,0.248
282,South Dakota,26,11,15,0.423,-5.31,-2.68,5,8,6,6,4,7,1806,1818,,67.7,102.1,0.356,0.394,0.54,47.8,53.2,8.4,6.5,0.502,14.5,21.8,0.26
283,South Florida,26,18,8,0.692,6.35,-0.09,7,6,14,3,3,4,1913,1711,,69.8,102.8,0.504,0.366,0.533,55.4,57,11.7,10.5,0.5,19.3,37.6,0.321
284,Southeast Missouri State,28,9,19,0.321,-11.26,-5.03,4,11,5,7,2,11,1994,2117,,70.2,99.3,0.276,0.398,0.534,49.1,49.4,8.5,7.2,0.51,17.8,26.4,0.188
285,Southeastern Louisiana,27,13,14,0.481,-8.56,-5.28,9,5,7,5,6,8,1791,1837,,68.5,96.8,0.363,0.405,0.537,51.4,60,9.6,7.5,0.501,21.4,31,0.257
286,Southern California,27,15,12,0.556,9.02,4.28,8,6,11,4,2,6,2074,1946,,71.6,105.8,0.299,0.346,0.549,49.3,58.2,8.6,8.6,0.529,14.9,27.4,0.196
287,SIU Edwardsville,27,9,18,0.333,-14.25,-5.05,5,10,6,7,1,10,1974,2186,,71.6,98.4,0.363,0.354,0.506,48.6,47.2,9,6,0.465,16.4,30,0.256
288,Southern Illinois,28,14,14,0.5,1.19,0.23,7,8,7,6,6,7,1903,1876,,66.6,102,0.322,0.334,0.554,50.3,57.2,10.5,12.1,0.528,19.1,28.9,0.222
289,Southern Methodist,25,13,12,0.52,7.07,2.27,5,8,9,6,2,5,1847,1727,,66.5,111.1,0.272,0.411,0.545,53.2,54.5,9.4,12.1,0.518,14.1,35.9,0.196
290,Southern Mississippi,26,17,9,0.654,3.37,-0.82,9,5,10,2,6,5,1900,1675,,68,107,0.254,0.358,0.549,49.9,61.8,11.4,11,0.534,13.2,24.7,0.163
291,Southern Utah,25,13,12,0.52,-9.24,-5.94,8,8,8,2,4,10,1913,1896,,73.9,102.1,0.369,0.397,0.546,49.8,47.8,8.1,9.7,0.51,16.4,24.1,0.262
292,Southern,26,4,22,0.154,-17.55,-5.71,3,10,4,4,0,16,1688,1975,,69,93.6,0.347,0.307,0.516,47.7,47.5,9.8,8.3,0.487,20.7,29.9,0.228
293,St. Bonaventure,26,12,14,0.462,1.91,0.37,8,5,7,5,4,6,1743,1703,,66.2,98.9,0.283,0.327,0.517,50.6,49.9,9,14.5,0.482,16.6,29,0.209
294,St. Francis (NY),28,16,12,0.571,-9.17,-7.55,8,7,10,2,6,8,2001,1964,,70.9,100.8,0.306,0.404,0.518,49.3,44.7,7.9,10.5,0.488,15.3,27.7,0.211
295,St. John's (NY),27,19,8,0.704,10.61,5.46,7,7,10,3,4,5,2120,1981,,72.9,106.3,0.303,0.388,0.556,46.9,51.5,11.8,9.1,0.527,13.2,21.2,0.219
296,Stanford,26,14,12,0.538,6.04,5.69,7,7,9,2,4,8,1911,1902,,71.7,102,0.377,0.365,0.549,50.8,48.3,8.3,10.4,0.519,18.5,29.7,0.258
297,Stephen F. Austin,25,13,12,0.52,-10.06,-4.63,6,7,9,5,3,6,1756,1794,,70.3,98.9,0.361,0.341,0.529,49.5,46.8,9.2,12.7,0.498,19.1,31.6,0.245
298,Stetson,28,6,22,0.214,-14.98,-2.4,2,11,6,8,0,14,1939,2209,,71.5,96.4,0.264,0.352,0.488,47.8,52.5,9.8,8.6,0.457,15.4,29.5,0.184
299,Stony Brook,27,21,6,0.778,-2.45,-6.56,9,3,8,2,12,2,1936,1793,,70.1,101.4,0.36,0.356,0.518,54.2,45,8.3,12.9,0.477,17.1,33.8,0.259
300,Syracuse,26,18,8,0.692,14.66,8.43,9,4,13,4,5,2,1819,1657,,67.5,103.2,0.379,0.431,0.529,49.4,51.3,11.8,17.5,0.494,15.7,29.8,0.26
301,Temple,26,19,7,0.731,8.32,4.55,9,4,10,2,7,4,1939,1841,,70.1,104.3,0.334,0.379,0.536,48,56.2,12.5,6.1,0.5,13.8,25.2,0.242
302,Tennessee-Martin,26,10,16,0.385,-10.2,-4.45,5,10,9,3,1,12,1961,2037,,71.1,105,0.26,0.379,0.537,49.2,54,10.5,8.2,0.507,16.2,31.6,0.193
303,Tennessee State,27,8,19,0.296,-11.4,-2.12,5,10,5,6,3,12,1947,2092,,73.2,97.6,0.353,0.407,0.532,49.9,45,10.1,7.6,0.499,20,29.7,0.244
304,Tennessee Tech,28,7,21,0.25,-14.87,-1.94,3,12,5,8,2,12,1910,2151,,73.3,92.2,0.371,0.346,0.503,48.4,52.8,9.8,11.1,0.475,20,28.5,0.234
305,Tennessee,26,24,2,0.923,22.95,7.79,12,1,16,0,6,1,2177,1753,,70.3,118,0.353,0.314,0.598,52.7,63.5,8.2,15.5,0.563,13.8,31.6,0.27
306,Texas A&M-Corpus Christi,26,11,15,0.423,-7.38,-3.74,6,7,8,5,3,9,1742,1724,,68.2,97.9,0.3,0.342,0.512,53,54.6,9.3,9.7,0.481,17.7,31.7,0.208
307,Texas A&M,25,11,14,0.44,7.76,8.16,4,9,8,7,2,5,1789,1799,,70.2,101.9,0.336,0.368,0.529,51,48.6,9.3,13.2,0.497,17.2,32.5,0.233
308,Texas-Arlington,27,12,15,0.444,-1.61,1.73,8,6,7,4,5,10,1827,1890,,69.5,96,0.356,0.401,0.501,51.5,53.5,9.1,7.4,0.454,17.5,31.2,0.264
309,Texas Christian,26,17,9,0.654,14.42,8.54,5,8,11,3,2,6,1953,1800,,70,106.8,0.329,0.377,0.553,51.9,61.2,9.5,11.5,0.524,16.1,31.1,0.231
310,Texas-El Paso,25,8,17,0.32,-6.54,-0.23,3,11,8,6,0,11,1620,1731,,70.8,91.6,0.379,0.382,0.505,51.4,48.6,6.4,7.7,0.469,20.5,28.4,0.254
311,Texas-Rio Grande Valley,29,16,13,0.552,-0.86,-0.38,7,5,10,7,6,6,2003,1990,,71.9,95.6,0.42,0.296,0.495,45.9,57.9,13.5,8.3,0.448,15.7,26.7,0.29
312,Texas-San Antonio,27,15,12,0.556,2.36,0.18,9,5,10,3,4,6,2136,2030,,74.9,104.7,0.255,0.407,0.535,49.7,45.9,9.2,7,0.506,14.3,26.5,0.188
313,Texas Southern,25,14,11,0.56,-6,-3.82,9,3,6,1,8,10,1967,1975,,76.6,102.3,0.395,0.379,0.526,49.8,53.6,9.7,7.4,0.492,16.6,30.8,0.265
314,Texas State,27,21,6,0.778,3.85,-2.47,10,4,10,2,9,3,2006,1727,,68.9,106.9,0.35,0.376,0.545,54.1,58,10.3,7.5,0.521,16.1,33,0.229
315,Texas Tech,26,21,5,0.808,20.73,6.38,9,4,14,1,4,3,1859,1486,,67.9,105.3,0.348,0.353,0.561,51.5,51.6,10.7,15.7,0.53,16.9,28.6,0.249
316,Texas,26,15,11,0.577,16.25,10.64,7,6,11,5,2,5,1864,1718,,67,106.5,0.313,0.435,0.54,50.5,50.9,9.3,11.6,0.51,14.6,29.9,0.221
317,Toledo,26,20,6,0.769,8.83,0.43,8,5,11,2,6,4,2040,1789,,70.6,110.1,0.261,0.423,0.563,53.1,59.8,6.9,10.7,0.531,14.7,28.9,0.205
318,Towson,28,10,18,0.357,-6.95,-2.76,6,9,5,6,4,6,1908,1994,,64.7,102.6,0.292,0.3,0.513,53.8,39.8,7.2,10.4,0.484,15.6,34.8,0.202
319,Troy,25,11,14,0.44,-4.92,-0.61,4,9,8,5,3,9,1879,1898,,70.3,105.9,0.333,0.402,0.565,49.3,51.9,7.8,12.5,0.535,17.2,27.2,0.239
320,Tulane,25,4,21,0.16,-7.73,3.27,0,13,3,9,0,8,1651,1926,,71.7,92.2,0.347,0.379,0.5,48.3,60,6.5,8.7,0.464,18.6,26.1,0.236
321,Tulsa,27,16,11,0.593,5.09,4.09,6,8,12,3,3,6,1932,1905,,69.8,101.6,0.453,0.368,0.551,48.2,54.8,7.9,7.2,0.515,16.5,21.5,0.31
322,UCLA,27,14,13,0.519,8.08,6.56,7,7,10,5,3,5,2097,2056,,74.1,103.8,0.369,0.358,0.541,53.4,52.6,8.3,10.8,0.52,17.2,31.3,0.232
323,Utah State,27,21,6,0.778,12.18,-0.21,11,3,12,1,7,4,2123,1774,,70.2,112,0.345,0.385,0.577,56.4,62.9,9.4,12.8,0.542,15.9,32.5,0.258
324,Utah Valley,26,18,8,0.692,3.2,-1.96,7,4,9,1,6,7,2025,1853,,70.8,110,0.405,0.379,0.596,52.6,50.2,8.8,6.2,0.564,17.1,25.9,0.293
325,Utah,26,14,12,0.538,6.13,5.4,8,6,8,5,5,4,1959,1940,,68,110.2,0.371,0.458,0.58,52.5,55.2,6.7,6.8,0.553,17.6,31,0.259
326,Valparaiso,28,14,14,0.5,-2.36,-0.63,7,8,8,6,5,6,1916,1869,,66.6,101.4,0.34,0.336,0.544,50.9,56,9.1,8.5,0.515,17.6,27.7,0.234
327,Vanderbilt,26,9,17,0.346,6.33,7.52,0,13,8,8,1,7,1848,1879,,70,101,0.435,0.422,0.536,50.6,50.7,6.6,10.5,0.498,17.4,28.1,0.297
328,Vermont,27,21,6,0.778,5.04,-3.08,11,2,11,2,10,3,2017,1740,,67.4,109.9,0.37,0.393,0.566,53,46.4,8,11.3,0.525,14.4,27.5,0.282
329,Villanova,27,20,7,0.741,15.72,7.46,11,3,11,2,5,4,2043,1820,,65.9,113.8,0.354,0.535,0.574,52.1,56.7,8.5,8.5,0.543,14.6,31.1,0.255
330,Virginia Commonwealth,26,20,6,0.769,12.51,3.43,11,2,13,1,6,4,1845,1609,,69.3,101.4,0.369,0.411,0.537,51,55.5,11.2,12.4,0.503,17.9,31,0.257
331,VMI,27,7,20,0.259,-11.92,1.16,1,14,6,6,1,13,2017,2208,,73.6,100.6,0.284,0.448,0.533,47.2,52.4,9.2,4.8,0.502,15.6,23.8,0.205
332,Virginia Tech,26,20,6,0.769,19.67,6.21,9,5,12,2,4,4,1942,1592,,64.7,115.5,0.311,0.453,0.602,51.9,60.9,11.1,9.5,0.574,15.7,30.4,0.234
333,Virginia,25,23,2,0.92,25.95,8.75,11,2,12,1,8,1,1794,1364,,61.5,116,0.3,0.379,0.58,54.4,56.2,9.1,11.8,0.55,13.1,31.1,0.224
334,Wagner,26,13,13,0.5,-10.75,-7.25,8,7,7,5,6,7,1730,1734,,66.8,99.2,0.342,0.452,0.508,52.9,55.3,9.2,12.7,0.465,17.7,33.6,0.251
335,Wake Forest,25,10,15,0.4,1.18,7.74,3,10,7,6,1,8,1717,1881,,68.3,99.6,0.389,0.355,0.502,52.8,47,7,8.1,0.454,16.5,34.3,0.282
336,Washington State,26,11,15,0.423,0.83,0.98,4,9,9,4,2,6,2006,2010,,71.8,107.5,0.315,0.445,0.576,48.4,57,7.6,8.2,0.542,16.4,25,0.239
337,Washington,26,21,5,0.808,13.59,6.17,12,1,13,0,6,3,1855,1662,,67.9,105.1,0.363,0.393,0.561,49.4,47.4,13.1,16.4,0.528,17.5,30.7,0.258
338,Weber State,27,16,11,0.593,-2.48,-5.28,10,6,9,4,5,4,2182,2003,,73.9,108.3,0.373,0.35,0.583,50.2,41.1,6.9,10,0.546,14.7,20.5,0.28
339,West Virginia,26,10,16,0.385,5.43,9.86,2,11,8,6,0,7,1836,1951,,70.9,99.1,0.426,0.395,0.511,52.9,54,8.5,10.5,0.469,18.9,36.9,0.29
340,Western Carolina,29,7,22,0.241,-8.17,1.58,4,12,4,7,3,12,2069,2303,,71.1,99.1,0.369,0.463,0.566,52.4,49.6,5.9,4.3,0.543,22.8,28.9,0.245
341,Western Illinois,26,8,18,0.308,-9.62,-5.37,3,10,6,6,2,12,1859,1894,,69.6,102.3,0.237,0.342,0.534,48.9,38.4,7.8,12,0.506,14.4,22.8,0.176
342,Western Kentucky,27,16,11,0.593,2.88,1,9,5,9,3,5,7,1948,1897,,69.8,101.9,0.361,0.315,0.541,51.5,48.4,9.6,14.2,0.504,17.3,27.9,0.26
343,Western Michigan,26,8,18,0.308,-6.23,1.45,2,11,5,7,2,10,1848,1993,,69.9,100.2,0.39,0.404,0.535,50.7,46.8,6.5,6.4,0.499,18.5,29.1,0.27
344,Wichita State,25,13,12,0.52,6.14,6.14,6,7,8,3,2,7,1746,1746,,69.2,100.5,0.275,0.389,0.503,51.4,53.3,6.8,9.6,0.471,15.4,32.2,0.195
345,William & Mary,27,11,16,0.407,-4.28,-0.85,7,8,7,5,3,11,2034,2106,,69.6,105.9,0.317,0.415,0.567,50.1,62.9,7,13,0.545,16.3,24.3,0.214
346,Winthrop,27,17,10,0.63,-1.66,-3.74,9,5,10,3,7,6,2281,2113,,75.5,111.8,0.299,0.532,0.59,53.8,53.1,5.6,7.3,0.563,17.5,30.4,0.223
347,Wisconsin,26,18,8,0.692,19.23,10.5,10,5,10,3,6,4,1817,1590,,65,106.5,0.266,0.346,0.549,49.5,49.2,8.3,11.3,0.532,12.8,23.3,0.173
348,Wofford,27,23,4,0.852,13.16,0.37,15,0,15,1,8,3,2252,1781,,68.8,120.1,0.273,0.431,0.599,55.5,51.4,10,9,0.581,13.4,34,0.19
349,Wright State,28,17,11,0.607,3.14,-0.71,11,4,12,2,4,6,2075,1917,,67.7,108.9,0.352,0.401,0.549,52.5,54.7,9.2,6.1,0.51,14.8,31.8,0.26
350,Wyoming,26,6,20,0.231,-9.11,1.33,2,11,5,9,0,9,1688,1947,,69.9,92.4,0.4,0.421,0.533,44.9,46.1,8.3,7.2,0.489,19.4,16.3,0.29
351,Xavier,27,14,13,0.519,8.23,7.75,6,8,10,5,3,6,1945,1932,,67.4,105.9,0.331,0.368,0.556,52.7,56.7,8.5,11,0.529,17.5,31.9,0.229
352,Yale,21,17,4,0.81,5.54,-1.51,7,1,8,0,7,4,1700,1530,,73.6,108.1,0.319,0.353,0.582,53.9,58,7.5,11,0.558,17.4,27.9,0.224
353,Youngstown State,29,12,17,0.414,-6.75,-1.9,8,8,6,6,5,8,2197,2267,,70.8,105.3,0.247,0.436,0.524,52.1,51.1,9.4,9.7,0.499,15.5,34.9,0.174
