,,Overall,,,,,,Conf.,,Home,,Away,,Points,,,,Opponent Totals,,,,,,,,,,,,,,,
Rk,School,G,W,L,W-L%,SRS,SOS,W,L,W,L,W,L,Tm.,Opp.,,MP,FG,FGA,FG%,3P,3PA,3P%,FT,FTA,FT%,ORB,TRB,AST,STL,BLK,TOV,PF
1,Abilene Christian,26,21,5,0.808,-1.74,-7.33,10,3,11,1,8,4,1953,1652,,1050,563,1310,0.43,140,433,0.323,386,528,0.731,217,817,261,152,68,442,455
2,Air Force,26,11,15,0.423,-3.85,1.28,6,8,8,5,2,8,1749,1852,,1060,665,1469,0.453,229,661,0.346,293,434,0.675,215,865,357,196,69,327,451
3,Akron,26,14,12,0.538,5.58,0.25,6,7,11,2,1,8,1806,1631,,1045,594,1476,0.402,167,557,0.3,276,423,0.652,275,1002,262,136,66,363,461
4,Alabama A&M,26,5,21,0.192,-18.25,-7.02,4,8,4,5,0,14,1603,1895,,1055,672,1424,0.472,203,570,0.356,348,551,0.632,267,951,369,202,96,374,390
5,Alabama-Birmingham,27,16,11,0.593,0.05,-1.75,8,6,10,4,5,4,1901,1818,,1085,620,1513,0.41,230,683,0.337,348,483,0.72,246,890,336,140,84,330,422
6,Alabama State,23,10,13,0.435,-12.71,-5.94,8,4,8,1,1,10,1560,1626,,925,573,1304,0.439,171,497,0.344,309,439,0.704,248,854,313,164,75,357,452
7,Alabama,26,15,11,0.577,10.22,8.72,6,7,9,3,3,7,1917,1878,,1040,684,1535,0.446,170,502,0.339,340,482,0.705,254,872,292,155,105,315,504
8,Albany (NY),27,10,17,0.37,-9.22,-5.64,5,7,5,7,4,8,1801,1877,,1095,680,1530,0.444,210,598,0.351,307,473,0.649,266,954,386,179,108,349,478
9,Alcorn State,25,8,17,0.32,-20.68,-7.87,4,9,8,3,0,13,1612,1726,,1000,621,1400,0.444,166,528,0.314,318,475,0.669,250,895,389,179,71,356,393
10,American,26,13,13,0.5,-3.98,-6.98,7,8,8,5,4,8,1876,1798,,1060,648,1506,0.43,131,460,0.285,371,522,0.711,268,885,325,162,83,313,468
11,Appalachian State,26,9,17,0.346,-2.81,0.84,4,9,8,2,1,10,2100,2055,,1050,737,1596,0.462,193,537,0.359,388,556,0.698,279,979,349,181,87,355,516
12,Arizona State,26,18,8,0.692,11.5,5.65,9,5,12,3,4,4,2066,1914,,1055,630,1536,0.41,225,679,0.331,429,602,0.713,253,909,352,169,83,362,567
13,Arizona,27,15,12,0.556,9.62,6.18,6,8,10,4,3,6,1949,1856,,1090,665,1487,0.447,181,550,0.329,345,515,0.67,248,940,320,136,101,400,529
14,Little Rock,26,10,16,0.385,-2.96,-1.96,5,8,7,7,3,9,1966,1961,,1050,662,1516,0.437,237,663,0.357,400,566,0.707,256,897,367,138,65,382,563
15,Arkansas-Pine Bluff,26,11,15,0.423,-14.87,-6.87,8,5,7,1,3,14,1721,1888,,1060,653,1401,0.466,173,473,0.366,409,608,0.673,251,886,354,202,89,371,505
16,Arkansas State,26,11,15,0.423,-6.79,-0.7,5,8,8,3,2,10,1930,2016,,1065,661,1523,0.434,191,566,0.337,503,667,0.754,278,941,338,165,89,332,533
17,Arkansas,26,14,12,0.538,11.01,8.32,5,8,10,5,3,6,1979,1909,,1050,632,1505,0.42,219,641,0.342,426,615,0.693,325,1006,341,159,81,432,581
18,Army,28,12,16,0.429,-7.44,-4.44,7,8,9,3,3,11,1992,2022,,1120,748,1623,0.461,235,650,0.362,291,442,0.658,209,1032,398,183,117,384,442
19,Auburn,26,18,8,0.692,21.11,8.43,7,6,13,2,2,5,2121,1753,,1050,586,1406,0.417,208,616,0.338,373,533,0.7,285,906,306,163,91,472,474
20,Austin Peay,28,20,8,0.714,1.19,-4.81,12,3,8,2,8,5,2295,1995,,1135,714,1618,0.441,193,600,0.322,374,555,0.674,289,967,366,167,93,462,567
21,Ball State,26,14,12,0.538,5.16,1.48,5,8,7,4,6,6,2024,1886,,1060,676,1638,0.413,185,587,0.315,349,474,0.736,282,907,316,168,86,332,522
22,Baylor,26,17,9,0.654,13.63,7.13,8,5,11,4,5,4,1867,1698,,1040,587,1418,0.414,177,529,0.335,347,506,0.686,264,816,324,153,106,337,469
23,Belmont,26,22,4,0.846,7.89,-3.19,13,2,11,1,10,3,2269,1938,,1050,702,1669,0.421,207,605,0.342,327,459,0.712,247,923,315,169,99,331,443
24,Bethune-Cookman,27,12,15,0.444,-11.17,-8.61,7,6,9,3,3,12,1998,1952,,1085,673,1660,0.405,187,626,0.299,419,611,0.686,329,1022,380,181,105,403,525
25,Binghamton,27,8,19,0.296,-14.33,-4.69,4,8,5,8,2,11,1743,1922,,1080,712,1626,0.438,248,643,0.386,250,382,0.654,306,1052,452,183,71,332,424
26,Boise State,26,11,15,0.423,3.81,0.69,6,7,7,5,3,8,1863,1765,,1040,619,1389,0.446,185,553,0.335,342,464,0.737,200,801,315,132,73,327,461
27,Boston College,25,13,12,0.52,6.7,6.9,4,9,9,6,2,6,1803,1808,,1015,630,1515,0.416,204,641,0.318,344,457,0.753,281,920,342,149,75,290,464
28,Boston University,28,12,16,0.429,-6.23,-4.78,5,10,5,6,7,9,2015,2017,,1125,724,1552,0.466,205,594,0.345,364,504,0.722,224,892,371,165,93,349,451
29,Bowling Green State,26,19,7,0.731,6.13,-0.24,11,2,13,1,5,5,2052,1835,,1045,631,1558,0.405,230,679,0.339,343,489,0.701,234,912,292,165,75,346,515
30,Bradley,28,15,13,0.536,-0.92,-1.55,7,8,8,6,5,7,1895,1862,,1125,630,1512,0.417,199,598,0.333,403,567,0.711,260,942,347,160,74,365,536
31,Brigham Young,29,18,11,0.621,7.36,2.74,10,4,12,2,5,7,2315,2181,,1175,757,1733,0.437,230,634,0.363,437,603,0.725,293,1046,391,163,74,376,591
32,Brown,24,15,9,0.625,-0.65,-3.52,3,5,9,2,6,7,1783,1649,,970,587,1415,0.415,168,559,0.301,307,460,0.667,234,870,294,152,80,363,501
33,Bryant,26,9,17,0.346,-15.37,-6.87,6,9,6,6,2,10,1813,2034,,1040,703,1468,0.479,227,564,0.402,401,545,0.736,263,939,396,155,103,339,505
34,Bucknell,27,17,10,0.63,0.34,-2.03,11,4,8,3,7,6,2047,1983,,1085,714,1654,0.432,183,570,0.321,372,525,0.709,286,964,349,181,84,323,517
35,Buffalo,26,23,3,0.885,15.87,2.11,11,2,11,0,10,3,2234,1856,,1045,661,1572,0.42,184,582,0.316,350,507,0.69,257,953,269,139,81,413,515
36,Butler,27,15,12,0.556,11.84,8.17,6,8,11,3,2,7,1979,1880,,1085,657,1460,0.45,203,575,0.353,363,525,0.691,241,914,316,145,93,350,445
37,Cal Poly,24,5,19,0.208,-13.53,-3.48,1,10,3,6,1,11,1528,1721,,985,609,1344,0.453,173,467,0.37,330,480,0.688,239,897,345,130,85,276,386
38,Cal State Bakersfield,26,16,10,0.615,-3.3,-2.47,7,5,9,3,5,6,1896,1838,,1050,572,1306,0.438,199,538,0.37,495,684,0.724,240,836,320,138,64,385,476
39,Cal State Fullerton,26,13,13,0.5,-0.72,0.12,9,3,7,2,4,9,1905,1833,,1060,660,1573,0.42,170,549,0.31,343,513,0.669,250,932,335,143,61,326,499
40,Cal State Northridge,27,10,17,0.37,-6.92,-3.19,4,7,5,8,3,9,2066,2159,,1090,763,1699,0.449,238,614,0.388,395,538,0.734,329,1042,408,173,86,337,510
41,California Baptist,25,14,11,0.56,-4.96,-5.19,5,6,8,4,6,4,2003,1842,,1015,630,1474,0.427,169,497,0.34,413,574,0.72,221,852,277,148,63,294,463
42,UC-Davis,25,10,15,0.4,-5.4,-0.53,6,5,6,3,3,10,1638,1702,,1010,598,1320,0.453,166,497,0.334,340,500,0.68,224,852,317,169,71,358,454
43,UC-Irvine,28,23,5,0.821,4.44,-1.45,11,1,10,2,10,2,1993,1800,,1140,612,1606,0.381,184,543,0.339,392,545,0.719,289,939,275,152,73,327,493
44,UC-Riverside,27,9,18,0.333,-10.55,-3.05,3,8,7,5,1,12,1799,1867,,1080,663,1412,0.47,190,526,0.361,351,500,0.702,202,828,365,142,53,300,406
45,UC-Santa Barbara,26,18,8,0.692,-0.66,-4.79,7,5,10,2,5,6,1907,1690,,1050,611,1452,0.421,158,542,0.292,310,457,0.678,238,806,301,107,72,292,491
46,University of California,26,5,21,0.192,-4.67,5.56,0,14,5,9,0,8,1795,2061,,1045,718,1428,0.503,229,587,0.39,396,545,0.727,245,930,397,128,80,355,474
47,Campbell,27,16,11,0.593,-3.47,-4.22,9,4,9,3,3,7,2043,1881,,1085,651,1470,0.443,212,612,0.346,367,507,0.724,245,950,345,152,53,388,471
48,Canisius,26,12,14,0.462,-7.96,-3.58,9,5,4,7,8,4,1830,1944,,1050,687,1456,0.472,197,555,0.355,373,534,0.699,272,932,339,143,79,385,469
49,Central Arkansas,26,10,16,0.385,-10.68,-2.98,5,8,7,4,3,12,1880,1975,,1050,689,1560,0.442,214,613,0.349,383,561,0.683,284,996,390,168,64,369,468
50,Central Connecticut State,28,11,17,0.393,-12.02,-5.98,5,10,5,4,5,11,2026,2133,,1140,717,1631,0.44,257,726,0.354,442,626,0.706,291,986,414,185,105,367,550
51,Central Florida,25,19,6,0.76,11.64,3.44,9,4,13,2,3,3,1822,1617,,1005,582,1469,0.396,179,555,0.323,274,422,0.649,287,879,319,138,75,319,555
52,Central Michigan,26,18,8,0.692,2.88,-0.86,7,6,12,2,4,5,2182,1990,,1065,743,1652,0.45,176,581,0.303,328,486,0.675,308,972,301,143,116,392,554
53,Charleston Southern,26,13,13,0.5,-3.44,-3.39,7,6,8,4,3,9,2010,1859,,1040,658,1463,0.45,222,616,0.36,321,462,0.695,234,920,371,179,89,445,453
54,Charlotte,25,6,19,0.24,-7.83,0.41,3,11,4,8,2,8,1493,1699,,1000,578,1347,0.429,200,580,0.345,343,461,0.744,217,837,312,175,98,298,424
55,Chattanooga,28,12,16,0.429,-7.49,-1.49,7,8,8,4,3,10,2031,2083,,1125,754,1660,0.454,207,585,0.354,368,522,0.705,254,1006,346,186,81,322,465
56,Chicago State,27,3,24,0.111,-25.25,0.91,0,12,3,5,0,17,1668,2297,,1080,817,1677,0.487,287,732,0.392,376,543,0.692,308,1039,459,207,90,331,506
57,Cincinnati,26,22,4,0.846,15.46,3.53,11,2,14,1,5,3,1910,1600,,1050,548,1356,0.404,214,602,0.355,290,439,0.661,234,783,295,104,86,372,500
58,Citadel,26,11,15,0.423,-7.26,0.7,3,12,7,5,4,9,2221,2220,,1045,787,1716,0.459,292,800,0.365,354,511,0.693,306,1062,473,179,96,363,457
59,Clemson,26,15,11,0.577,14.25,9.18,5,8,11,3,2,6,1803,1671,,1040,582,1415,0.411,197,549,0.359,310,425,0.729,216,809,253,150,74,352,452
60,Cleveland State,29,8,21,0.276,-8.67,-1.18,3,13,8,9,0,11,2128,2280,,1165,808,1811,0.446,238,723,0.329,426,589,0.723,359,1140,446,204,95,356,551
61,Coastal Carolina,25,12,13,0.48,-0.55,-1.99,6,7,7,2,4,9,1893,1785,,1010,591,1396,0.423,202,643,0.314,401,585,0.685,257,834,312,163,78,344,490
62,Colgate,28,18,10,0.643,-0.12,-3.63,10,5,10,1,8,9,2075,1962,,1135,704,1624,0.433,221,654,0.338,333,470,0.709,261,898,371,205,96,333,466
63,College of Charleston,29,21,8,0.724,2.82,-2.25,10,6,12,2,7,4,2159,1999,,1170,727,1594,0.456,228,670,0.34,317,432,0.734,227,904,369,149,87,378,488
64,Colorado State,26,10,16,0.385,-0.92,1.72,5,8,7,7,2,7,1956,1988,,1040,711,1562,0.455,246,661,0.372,320,445,0.719,252,887,388,150,56,284,466
65,Colorado,26,16,10,0.615,9.16,2.97,7,7,10,2,5,7,1952,1791,,1045,649,1488,0.436,180,560,0.321,313,471,0.665,217,821,287,178,71,330,516
66,Columbia,22,6,16,0.273,-6.13,-2.33,1,7,4,6,1,8,1605,1595,,910,542,1227,0.442,189,510,0.371,322,473,0.681,200,783,263,137,74,326,346
67,Connecticut,26,13,13,0.5,8.08,3.62,4,9,12,3,0,6,1975,1859,,1045,638,1435,0.445,160,485,0.33,423,586,0.722,249,873,336,162,83,384,475
68,Coppin State,27,6,21,0.222,-18.64,-5.12,6,6,3,5,3,15,1704,2069,,1085,713,1623,0.439,251,685,0.366,392,562,0.698,275,1038,405,199,72,327,487
69,Cornell,24,13,11,0.542,-4.86,-1.95,5,3,7,4,6,7,1697,1704,,975,641,1443,0.444,144,461,0.312,278,397,0.7,239,891,261,144,85,304,426
70,Creighton,27,14,13,0.519,12.1,9.33,5,9,8,6,3,7,2144,2022,,1095,735,1602,0.459,242,660,0.367,310,454,0.683,255,918,375,173,91,358,468
71,Dartmouth,24,11,13,0.458,-3.99,-2.99,2,6,8,4,2,8,1792,1693,,965,637,1416,0.45,156,481,0.324,263,375,0.701,208,805,279,139,72,259,374
72,Davidson,26,19,7,0.731,7.28,2.44,10,3,12,1,5,4,1856,1701,,1045,590,1459,0.404,214,662,0.323,307,440,0.698,226,887,331,127,52,291,440
73,Dayton,26,17,9,0.654,9.81,3.47,9,4,11,3,5,3,1918,1753,,1050,636,1535,0.414,214,649,0.33,267,377,0.708,263,847,336,136,77,289,422
74,Delaware State,24,4,20,0.167,-27.4,-7.31,1,10,3,6,1,14,1514,1887,,960,659,1419,0.464,198,553,0.358,371,525,0.707,253,1009,393,167,106,331,378
75,Delaware,28,16,12,0.571,-7.72,-5.53,8,7,9,5,7,7,1999,1988,,1155,725,1674,0.433,229,633,0.362,309,432,0.715,280,979,366,153,80,283,485
76,Denver,27,7,20,0.259,-12.09,-2.2,2,11,5,6,1,13,1873,2106,,1085,740,1564,0.473,298,706,0.422,328,454,0.722,203,876,390,160,74,298,442
77,DePaul,25,13,12,0.52,6.13,4.45,5,9,10,6,3,6,1888,1846,,1005,643,1453,0.443,232,640,0.363,328,437,0.751,217,802,343,165,80,323,463
78,Detroit Mercy,27,10,17,0.37,-5.57,-0.13,7,8,5,5,4,12,1958,2105,,1080,752,1617,0.465,221,659,0.335,380,526,0.722,336,1066,517,157,91,384,472
79,Drake,28,21,7,0.75,3.32,0.28,10,5,12,2,6,4,2141,1988,,1140,733,1679,0.437,188,607,0.31,334,492,0.679,266,946,305,209,82,342,483
80,Drexel,28,12,16,0.429,-6.46,-2.91,6,9,8,5,3,11,2153,2172,,1120,810,1683,0.481,218,576,0.378,334,501,0.667,246,921,388,172,103,307,471
81,Duke,26,23,3,0.885,30.29,11.37,11,2,13,2,6,0,2233,1741,,1045,657,1655,0.397,162,558,0.29,265,383,0.692,308,923,331,170,82,413,464
82,Duquesne,26,17,9,0.654,1.93,-1.03,8,5,13,3,3,4,1917,1840,,1055,669,1548,0.432,180,542,0.332,322,473,0.681,316,978,369,177,98,409,477
83,East Carolina,25,9,16,0.36,-5.04,0.01,2,11,8,7,0,9,1675,1801,,1015,616,1411,0.437,161,511,0.315,408,596,0.685,265,924,315,178,95,352,448
84,East Tennessee State,29,22,7,0.759,6.89,-1.67,12,4,12,2,7,5,2333,1990,,1175,700,1643,0.426,249,680,0.366,341,492,0.693,229,842,365,194,107,420,489
85,Eastern Illinois,28,14,14,0.5,-11.01,-4.41,7,8,7,4,5,8,2027,2152,,1140,755,1668,0.453,263,668,0.394,379,545,0.695,309,1051,438,189,96,363,468
86,Eastern Kentucky,28,12,16,0.429,-8.04,-2.61,5,10,8,4,2,10,2302,2315,,1135,803,1731,0.464,205,597,0.343,504,701,0.719,297,1160,425,196,108,530,549
87,Eastern Michigan,26,12,14,0.462,1.4,5.58,6,7,9,5,3,9,1816,1805,,1050,649,1506,0.431,217,649,0.334,290,432,0.671,315,896,439,175,78,361,453
88,Eastern Washington,26,10,16,0.385,-8.6,-2.76,8,7,8,3,1,12,1850,1977,,1060,691,1487,0.465,229,586,0.391,366,524,0.698,221,945,368,158,86,319,427
89,Elon,28,9,19,0.321,-12.6,-2.71,5,10,4,10,4,7,1947,2144,,1130,767,1706,0.45,255,690,0.37,355,484,0.733,273,1036,402,197,58,302,459
90,Evansville,28,10,18,0.357,-3.36,0.76,4,11,9,6,1,12,1957,2028,,1135,728,1653,0.44,190,553,0.344,382,565,0.676,264,1067,337,161,77,353,531
91,Fairfield,27,7,20,0.259,-10.37,-6.33,4,11,3,7,3,12,1836,1945,,1080,671,1439,0.466,197,518,0.38,406,581,0.699,242,942,351,178,97,394,432
92,Fairleigh Dickinson,27,14,13,0.519,-7.36,-7.08,9,6,9,4,4,9,2045,1985,,1100,708,1559,0.454,209,605,0.345,360,515,0.699,289,935,364,160,94,404,483
93,Florida A&M,28,11,17,0.393,-12.67,-7.55,8,5,6,3,5,12,1767,1871,,1125,633,1479,0.428,169,550,0.307,436,614,0.71,303,969,323,183,83,411,481
94,Florida Atlantic,27,16,11,0.593,-0.17,-1.34,7,7,9,3,5,7,1934,1837,,1095,654,1591,0.411,206,653,0.315,323,464,0.696,254,958,331,196,67,369,458
95,Florida Gulf Coast,29,12,17,0.414,-5.13,-0.35,7,7,9,3,3,10,2047,2147,,1160,780,1762,0.443,264,725,0.364,323,462,0.699,320,1042,445,201,89,408,506
96,Florida International,27,16,11,0.593,-4.22,-1.43,7,7,10,4,4,7,2273,2180,,1080,789,1689,0.467,200,594,0.337,402,584,0.688,325,1153,391,194,117,554,553
97,Florida State,26,21,5,0.808,18.04,8.35,9,4,12,1,5,3,2007,1755,,1050,589,1434,0.411,193,573,0.337,384,533,0.72,249,838,270,138,83,403,488
98,Florida,26,15,11,0.577,15.94,10.68,7,6,8,4,4,5,1792,1655,,1050,574,1373,0.418,172,548,0.314,335,486,0.689,280,911,290,149,75,409,429
99,Fordham,26,11,15,0.423,-2.99,-2.39,2,11,8,8,3,6,1777,1744,,1055,596,1356,0.44,158,485,0.326,394,558,0.706,227,941,363,144,64,367,402
100,Fresno State,26,19,7,0.731,9.56,1.16,10,4,11,4,6,2,1976,1738,,1045,604,1457,0.415,172,583,0.295,358,499,0.717,235,883,296,152,88,354,469
101,Furman,27,22,5,0.815,8.12,-2.13,11,4,13,1,9,4,2120,1763,,1100,660,1589,0.415,195,618,0.316,248,371,0.668,279,919,320,193,91,405,435
102,Gardner-Webb,28,18,10,0.643,-4.03,-5.31,9,5,11,0,5,8,2209,1985,,1150,689,1679,0.41,252,779,0.323,355,487,0.729,311,996,371,165,85,401,490
103,George Mason,26,15,11,0.577,1.95,0.1,9,4,10,4,5,5,1853,1805,,1050,656,1478,0.444,187,578,0.324,306,469,0.652,231,865,315,172,94,339,464
104,George Washington,26,8,18,0.308,-4.97,1.61,4,9,6,9,2,7,1683,1854,,1055,668,1520,0.439,216,609,0.355,302,458,0.659,265,976,365,175,81,318,450
105,Georgetown,26,16,10,0.615,9,5.31,6,7,11,5,4,4,2117,2021,,1065,719,1668,0.431,227,670,0.339,356,495,0.719,255,925,387,199,92,316,511
106,Georgia Southern,27,17,10,0.63,3.63,1.11,9,5,8,3,5,7,2248,2060,,1090,755,1685,0.448,219,655,0.334,331,474,0.698,272,951,368,152,80,434,543
107,Georgia State,27,19,8,0.704,2.5,0.77,10,4,11,1,5,6,2080,1987,,1080,694,1609,0.431,250,727,0.344,349,504,0.692,330,1029,409,135,84,402,465
108,Georgia Tech,27,12,15,0.444,8.18,7.88,4,10,10,7,2,7,1760,1752,,1080,602,1543,0.39,170,589,0.289,378,558,0.677,309,965,367,199,83,368,485
109,Georgia,26,10,16,0.385,6.16,7.58,1,12,8,7,1,7,1921,1958,,1040,710,1659,0.428,196,590,0.332,342,493,0.694,312,904,319,194,91,284,492
110,Gonzaga,28,26,2,0.929,29.68,4.54,13,0,15,0,7,1,2528,1824,,1120,664,1731,0.384,179,604,0.296,317,459,0.691,315,921,285,140,57,380,534
111,Grambling,26,13,13,0.5,-8.97,-7.67,7,6,8,3,5,9,1861,1789,,1050,601,1554,0.387,168,567,0.296,419,625,0.67,304,978,312,187,88,355,513
112,Grand Canyon,26,16,10,0.615,6.49,-2.12,9,4,9,2,5,5,1964,1740,,1045,623,1447,0.431,171,490,0.349,323,455,0.71,223,848,274,139,74,360,521
113,Green Bay,27,14,13,0.519,-3.54,-0.18,8,6,10,2,3,11,2234,2196,,1090,770,1709,0.451,240,689,0.348,416,585,0.711,288,1081,372,195,78,422,534
114,Hampton,26,11,15,0.423,-5.21,-4.95,6,7,7,3,3,10,2123,2006,,1070,690,1617,0.427,212,633,0.335,414,583,0.71,281,1014,373,126,97,341,503
115,Hartford,27,14,13,0.519,-3.23,-3.53,7,5,8,3,5,8,1998,1950,,1090,692,1553,0.446,207,628,0.33,359,497,0.722,283,966,365,162,100,375,487
116,Harvard,21,13,8,0.619,2.6,0.5,6,2,7,2,5,6,1489,1435,,860,504,1183,0.426,158,461,0.343,269,393,0.684,171,660,257,161,53,265,375
117,Hawaii,26,16,10,0.615,0.3,-2.58,7,5,12,4,2,3,1875,1763,,1050,638,1444,0.442,171,517,0.331,316,471,0.671,216,851,297,148,59,325,493
118,High Point,27,14,13,0.519,-5.02,-4.02,7,6,8,3,4,7,1826,1805,,1095,636,1541,0.413,229,727,0.315,304,431,0.705,240,851,328,152,104,298,457
119,Hofstra,28,23,5,0.821,6.25,-4.64,13,2,14,0,8,5,2342,1995,,1150,748,1681,0.445,207,625,0.331,292,422,0.692,274,914,406,131,78,374,538
120,Holy Cross,28,14,14,0.5,-5.42,-4.17,5,10,8,5,4,9,1874,1909,,1135,682,1518,0.449,236,660,0.358,309,428,0.722,297,1012,382,162,80,412,404
121,Houston Baptist,24,10,14,0.417,-7.58,-3.72,6,7,7,4,3,10,1925,1922,,975,684,1434,0.477,190,501,0.379,364,502,0.725,240,831,355,184,103,389,525
122,Houston,26,25,1,0.962,17.62,2.58,12,1,17,0,8,1,1960,1569,,1040,534,1468,0.364,166,610,0.272,335,497,0.674,260,876,272,150,62,318,456
123,Howard,27,12,15,0.444,-12.16,-8.2,6,6,6,8,5,7,2135,2121,,1090,727,1651,0.44,214,608,0.352,453,615,0.737,307,1054,397,149,75,397,554
124,Idaho State,25,9,16,0.36,-11.94,-3.77,5,11,4,6,5,9,1846,1971,,1000,715,1489,0.48,208,548,0.38,333,455,0.732,236,866,380,132,69,259,407
125,Idaho,26,4,22,0.154,-19.09,-5.3,1,14,3,10,1,9,1741,1980,,1045,715,1583,0.452,219,673,0.325,331,471,0.703,288,944,415,163,75,246,417
126,Illinois-Chicago,27,14,13,0.519,-2.83,-1.27,8,6,11,3,3,10,2026,2024,,1095,668,1593,0.419,214,608,0.352,474,655,0.724,307,999,360,171,82,349,467
127,Illinois State,28,14,14,0.5,-2.03,0.53,7,8,10,4,2,9,1935,1987,,1130,699,1574,0.444,228,664,0.343,361,509,0.709,246,982,392,166,65,346,438
128,Illinois,26,10,16,0.385,11.24,11.86,6,9,8,4,1,7,1919,1935,,1050,654,1412,0.463,161,482,0.334,466,637,0.732,266,955,335,149,94,438,480
129,Incarnate Word,26,6,20,0.231,-17.43,-3.79,1,12,5,8,0,10,1695,1933,,1050,684,1409,0.485,199,568,0.35,366,496,0.738,262,815,358,197,81,368,460
130,Indiana State,27,14,13,0.519,-1.71,1.25,6,9,8,5,4,7,1891,1940,,1090,677,1502,0.451,195,566,0.345,391,547,0.715,242,934,365,158,92,371,510
131,Indiana,26,13,13,0.5,14.08,10.5,4,11,10,5,2,8,1825,1732,,1045,641,1535,0.418,191,587,0.325,259,413,0.627,273,901,343,164,95,332,491
132,Iona,26,11,15,0.423,-6.47,-5.39,9,6,7,3,3,9,1993,2021,,1040,709,1594,0.445,258,685,0.377,345,494,0.698,290,967,399,144,94,349,484
133,Iowa State,26,19,7,0.731,19.24,7.62,8,5,11,3,5,3,2042,1740,,1040,639,1537,0.416,199,614,0.324,263,367,0.717,274,890,322,125,64,350,432
134,Iowa,26,20,6,0.769,16.38,8.53,9,6,13,3,4,3,2094,1890,,1040,692,1565,0.442,203,637,0.319,303,434,0.698,271,873,404,167,58,348,550
135,Purdue-Fort Wayne,29,17,12,0.586,-3.29,-2.83,9,5,11,3,6,8,2424,2268,,1170,845,1841,0.459,264,708,0.373,314,444,0.707,296,1046,394,160,81,390,456
136,IUPUI,27,14,13,0.519,-1.88,-2.88,6,8,9,4,3,9,2084,1991,,1080,699,1562,0.448,223,616,0.362,370,524,0.706,255,883,359,192,114,397,529
137,Jackson State,26,9,17,0.346,-15.52,-7.65,6,7,6,3,2,13,1592,1756,,1045,574,1348,0.426,181,517,0.35,427,605,0.706,221,908,314,200,101,374,445
138,Jacksonville State,28,20,8,0.714,1.61,-5.35,12,3,9,1,8,7,2122,1869,,1125,656,1619,0.405,220,670,0.328,337,459,0.734,257,939,322,183,75,424,512
139,Jacksonville,28,12,16,0.429,-7.36,-4.63,5,8,5,6,6,9,2125,2107,,1125,778,1733,0.449,210,591,0.355,341,495,0.689,268,995,354,205,103,377,483
140,James Madison,28,12,16,0.429,-8.25,-3.79,5,10,8,4,3,10,1953,2018,,1145,724,1606,0.451,189,554,0.341,381,527,0.723,276,936,377,163,88,317,479
141,Kansas State,26,20,6,0.769,14.07,8.1,10,3,10,2,6,4,1711,1556,,1040,551,1327,0.415,185,582,0.318,269,409,0.658,211,830,301,163,70,390,443
142,Kansas,26,20,6,0.769,19.58,12.51,9,4,14,0,2,6,2000,1816,,1055,643,1604,0.401,219,667,0.328,311,450,0.691,297,940,347,169,89,364,454
143,Kennesaw State,28,5,23,0.179,-16.43,-1,2,11,5,8,0,12,1761,2133,,1125,787,1704,0.462,218,620,0.352,341,488,0.699,294,1078,430,207,112,340,466
144,Kent State,26,19,7,0.731,2.27,0.23,8,5,12,3,7,4,1973,1880,,1050,670,1480,0.453,193,557,0.346,347,508,0.683,261,902,342,146,89,374,457
145,Kentucky,26,22,4,0.846,21.76,8.92,11,2,14,1,7,1,2033,1699,,1045,609,1501,0.406,203,580,0.35,278,400,0.695,246,768,285,144,78,361,517
146,La Salle,25,8,17,0.32,-2.61,1.71,6,7,3,8,3,6,1707,1815,,1000,621,1371,0.453,150,446,0.336,423,590,0.717,254,914,321,167,84,369,420
147,Lafayette,26,10,16,0.385,-10.04,-5,7,8,4,8,6,8,1907,1992,,1060,719,1558,0.461,206,548,0.376,348,481,0.723,243,927,323,174,58,302,395
148,Lamar,27,15,12,0.556,-6.98,-5.76,8,6,10,2,5,10,2107,1897,,1100,677,1524,0.444,195,582,0.335,348,489,0.712,248,866,410,177,99,457,574
149,Lehigh,26,18,8,0.692,-0.73,-4.19,11,4,10,2,8,6,2105,2015,,1050,706,1666,0.424,238,714,0.333,365,490,0.745,283,918,400,180,92,293,462
150,Liberty,28,23,5,0.821,5.49,-4.95,12,1,13,1,9,2,2096,1692,,1120,602,1465,0.411,172,548,0.314,316,469,0.674,235,854,273,150,76,392,430
151,Lipscomb,27,21,6,0.778,9.52,-2.41,12,2,11,2,10,4,2270,1857,,1080,660,1619,0.408,200,643,0.311,337,459,0.734,224,900,323,183,110,439,554
152,Long Beach State,28,10,18,0.357,-4.92,1.12,4,8,7,5,2,12,2106,2170,,1130,790,1774,0.445,207,618,0.335,383,559,0.685,345,1104,387,229,94,405,604
153,Long Island University,27,12,15,0.444,-9.99,-8.22,6,9,6,5,5,7,2004,2017,,1085,710,1642,0.432,193,556,0.347,404,577,0.7,289,987,362,197,108,373,518
154,Longwood,29,15,14,0.517,-9.4,-7.75,5,9,9,4,5,8,2038,2026,,1175,682,1674,0.407,278,833,0.334,382,510,0.749,264,999,390,167,96,373,517
155,Louisiana,26,16,10,0.615,-1.94,-0.9,7,6,9,3,4,6,2151,2122,,1045,749,1604,0.467,215,568,0.379,409,568,0.72,299,995,343,167,84,403,500
156,Louisiana-Monroe,25,14,11,0.56,0.75,-1.5,7,6,11,1,2,10,1939,1843,,1000,671,1481,0.453,199,567,0.351,302,431,0.701,256,855,339,142,93,311,466
157,Louisiana State,26,21,5,0.808,16.69,7.85,11,2,12,2,7,1,2150,1920,,1065,675,1528,0.442,205,592,0.346,365,521,0.701,288,862,299,178,72,411,533
158,Louisiana Tech,27,17,10,0.63,1.84,-2.28,7,7,14,0,3,9,1980,1827,,1095,665,1557,0.427,200,598,0.334,297,440,0.675,260,957,368,147,87,360,506
159,Louisville,27,18,9,0.667,18.88,10.62,9,5,13,3,5,4,2061,1838,,1100,647,1581,0.409,189,580,0.326,355,509,0.697,264,921,311,163,92,344,555
160,Loyola (IL),28,17,11,0.607,4.99,0.13,10,5,12,4,4,5,1862,1703,,1120,630,1424,0.442,203,555,0.366,240,340,0.706,170,798,324,164,114,379,441
161,Loyola Marymount,27,17,10,0.63,3.23,1.47,5,8,10,4,5,6,1820,1688,,1080,570,1353,0.421,178,571,0.312,370,491,0.754,203,786,376,159,99,393,508
162,Loyola (MD),28,10,18,0.357,-8.97,-4.01,6,9,5,5,3,13,2043,2182,,1135,779,1611,0.484,228,573,0.398,396,511,0.775,259,935,448,204,128,408,507
163,Maine,27,5,22,0.185,-12.66,-2.85,3,9,3,7,2,15,1704,1904,,1110,638,1413,0.452,248,655,0.379,380,540,0.704,232,893,418,203,65,359,421
164,Manhattan,26,9,17,0.346,-12.04,-6.39,7,7,4,7,3,10,1484,1631,,1040,525,1203,0.436,172,488,0.352,409,577,0.709,227,827,312,173,95,395,470
165,Marist,26,12,14,0.462,-7.57,-7.03,7,7,4,5,6,9,1796,1810,,1045,609,1394,0.437,238,672,0.354,354,503,0.704,231,859,345,146,70,328,465
166,Marquette,26,22,4,0.846,16.75,6.75,11,2,16,1,5,2,2055,1795,,1055,633,1566,0.404,178,548,0.325,351,510,0.688,257,866,306,182,69,325,494
167,Marshall,27,14,13,0.519,-3.1,0.53,7,7,10,3,4,10,2147,2245,,1095,804,1701,0.473,210,577,0.364,427,593,0.72,341,1161,357,184,77,458,471
168,Maryland-Baltimore County,28,18,10,0.643,-4.2,-5.2,10,3,9,4,6,5,1901,1757,,1150,604,1471,0.411,229,720,0.318,320,453,0.706,224,942,327,156,68,444,497
169,Maryland-Eastern Shore,28,4,24,0.143,-24.14,-5.03,2,11,3,7,1,17,1569,2035,,1125,696,1495,0.466,256,679,0.377,387,568,0.681,292,1057,424,180,94,357,440
170,Maryland,27,20,7,0.741,17.4,9.47,11,5,13,2,6,4,1958,1744,,1080,624,1587,0.393,196,621,0.316,300,421,0.713,247,821,318,192,94,261,486
171,Massachusetts-Lowell,28,14,14,0.5,-7.67,-6.82,6,7,8,3,4,10,2186,2132,,1130,779,1726,0.451,182,599,0.304,392,553,0.709,296,990,355,203,97,377,556
172,Massachusetts,26,9,17,0.346,-1.83,-0.06,2,11,7,7,1,9,1836,1882,,1045,639,1436,0.445,177,501,0.353,427,576,0.741,238,860,383,163,93,313,461
173,McNeese State,26,8,18,0.308,-12.7,-5.06,4,9,7,6,1,12,1841,1940,,1045,701,1539,0.455,224,633,0.354,314,435,0.722,270,842,397,183,78,326,490
174,Memphis,27,16,11,0.593,9.55,3.92,8,6,13,2,2,6,2217,2065,,1090,696,1610,0.432,214,655,0.327,459,638,0.719,290,951,415,216,125,459,577
175,Mercer,27,10,17,0.37,-0.73,0.48,5,10,7,5,2,11,1982,1934,,1085,668,1539,0.434,247,724,0.341,351,523,0.671,308,963,357,174,105,398,517
176,Miami (FL),25,11,14,0.44,10.4,8.56,3,10,9,5,0,7,1804,1758,,1005,663,1488,0.446,197,586,0.336,235,320,0.734,253,906,353,148,77,342,425
177,Miami (OH),26,14,12,0.538,2.48,2.15,6,7,10,3,3,7,1884,1796,,1045,632,1468,0.431,189,585,0.323,343,495,0.693,216,871,302,151,70,307,461
178,Michigan State,27,22,5,0.815,25.45,10.82,13,3,13,1,7,3,2166,1771,,1090,627,1684,0.372,191,609,0.314,326,487,0.669,313,888,335,174,82,292,510
179,Michigan,27,24,3,0.889,21.35,8.68,13,3,16,0,5,3,1899,1557,,1080,600,1513,0.397,129,429,0.301,228,352,0.648,238,936,261,100,82,344,421
180,Middle Tennessee,27,8,19,0.296,-6.47,3.41,5,9,7,5,1,10,1816,2009,,1080,704,1600,0.44,229,640,0.358,372,517,0.72,258,945,376,212,92,334,440
181,Milwaukee,27,9,18,0.333,-8.92,-2.88,4,10,6,6,3,10,1910,2044,,1085,696,1601,0.435,251,736,0.341,401,563,0.712,270,992,376,152,96,279,424
182,Minnesota,27,17,10,0.63,12.69,10.03,7,9,13,2,1,7,1947,1875,,1080,684,1561,0.438,177,519,0.341,330,483,0.683,257,916,336,157,125,314,533
183,Mississippi State,26,19,7,0.731,16.1,8.56,7,6,11,3,5,3,2031,1835,,1050,655,1489,0.44,187,535,0.35,338,470,0.719,261,828,320,142,90,362,440
184,Mississippi Valley State,27,5,22,0.185,-22.39,-5.89,3,10,5,4,0,18,1723,2112,,1085,759,1643,0.462,241,629,0.383,353,508,0.695,301,1090,409,153,112,334,505
185,Mississippi,26,18,8,0.692,13.44,7.02,8,5,10,3,5,4,1991,1824,,1045,637,1490,0.428,201,541,0.372,349,493,0.708,283,853,351,156,88,393,463
186,Missouri-Kansas City,27,10,17,0.37,-5.8,-0.88,5,7,8,3,2,11,1888,1980,,1090,696,1502,0.463,201,551,0.365,387,549,0.705,275,982,360,144,92,395,486
187,Missouri State,28,15,13,0.536,-0.39,-0.8,9,6,10,3,5,8,1962,1897,,1125,662,1463,0.452,227,571,0.398,346,497,0.696,214,874,353,164,83,409,519
188,Missouri,25,12,13,0.48,7.5,8.7,3,10,8,6,1,6,1689,1719,,1010,592,1357,0.436,182,556,0.327,353,499,0.707,219,805,299,151,85,315,450
189,Monmouth,28,10,18,0.357,-10.94,-3.73,9,6,6,4,4,11,1802,2004,,1140,642,1497,0.429,275,757,0.363,445,656,0.678,275,986,387,196,102,426,550
190,Montana State,25,12,13,0.48,-7.53,-4.7,9,6,7,4,4,9,1939,1992,,1000,717,1472,0.487,247,656,0.377,311,450,0.691,193,855,385,144,65,315,504
191,Montana,25,19,6,0.76,2.34,-4.88,12,2,9,1,8,4,1933,1715,,1005,581,1360,0.427,165,477,0.346,388,523,0.742,211,790,254,129,66,346,458
192,Morehead State,28,10,18,0.357,-7.23,-1.08,6,9,7,6,2,10,2082,2169,,1135,790,1720,0.459,226,640,0.353,363,494,0.735,309,1048,380,173,133,370,553
193,Morgan State,24,8,16,0.333,-14.2,-8.2,3,8,6,4,1,12,1727,1854,,970,653,1417,0.461,192,537,0.358,356,524,0.679,285,959,353,143,132,413,447
194,Mount St. Mary's,28,8,20,0.286,-13.4,-4.9,5,10,4,8,3,12,1902,2069,,1120,722,1620,0.446,222,627,0.354,403,553,0.729,290,1028,394,174,88,360,504
195,Murray State,26,22,4,0.846,7.62,-5,13,2,12,1,9,3,2161,1760,,1040,634,1542,0.411,153,534,0.287,339,468,0.724,291,883,286,147,89,377,460
196,Navy,26,9,17,0.346,-10.71,-3.9,6,9,7,6,2,10,1717,1894,,1040,671,1498,0.448,210,632,0.332,342,461,0.742,234,895,421,188,113,303,444
197,Omaha,26,17,9,0.654,-1.43,-2.35,11,2,10,2,7,7,2094,2035,,1050,737,1557,0.473,255,689,0.37,306,417,0.734,219,884,371,125,81,336,412
198,Nebraska,27,15,12,0.556,16.63,10.09,5,11,11,4,2,7,1941,1730,,1080,639,1573,0.406,158,505,0.313,294,432,0.681,320,1017,271,141,97,358,472
199,Nevada-Las Vegas,26,15,11,0.577,1.95,0.03,9,5,9,5,5,4,1939,1889,,1045,691,1516,0.456,177,495,0.358,330,482,0.685,256,880,333,164,66,337,507
200,Nevada,26,24,2,0.923,17.91,2.25,11,2,12,0,8,2,2119,1712,,1040,618,1543,0.401,197,627,0.314,277,411,0.674,250,929,322,118,65,363,555
201,New Hampshire,26,3,23,0.115,-19.45,-4.91,1,12,3,9,0,13,1567,1823,,1040,630,1402,0.449,184,534,0.345,379,541,0.701,192,978,266,132,70,302,412
202,New Mexico State,27,23,4,0.852,9.7,-0.7,11,1,14,1,8,1,2073,1748,,1085,608,1442,0.422,198,578,0.343,334,472,0.708,191,791,236,119,52,365,557
203,New Mexico,26,11,15,0.423,0.41,3.13,5,9,7,7,4,7,1969,1981,,1040,713,1596,0.447,183,531,0.345,372,557,0.668,284,987,395,188,88,354,527
204,New Orleans,25,15,10,0.6,-8.04,-5.76,10,4,12,2,3,8,1813,1732,,1020,616,1421,0.433,150,486,0.309,350,507,0.69,295,903,323,201,119,462,461
205,Niagara,27,12,15,0.444,-9.98,-7.35,5,9,8,7,4,8,1954,2025,,1080,756,1632,0.463,234,602,0.389,279,387,0.721,232,968,392,148,77,320,482
206,Nicholls State,26,11,15,0.423,-13.5,-5.09,4,9,6,2,3,13,1863,1958,,1050,714,1590,0.449,162,529,0.306,368,523,0.704,310,1054,386,132,90,356,358
207,NJIT,28,19,9,0.679,-3.54,-5.87,7,6,10,3,9,6,1967,1871,,1130,675,1630,0.414,189,607,0.311,332,496,0.669,274,1009,346,162,98,367,533
208,Norfolk State,27,16,11,0.593,-8.11,-7.7,11,1,10,1,6,7,1996,1880,,1095,624,1510,0.413,210,630,0.333,422,640,0.659,272,976,356,130,92,428,511
209,North Alabama,28,9,19,0.321,-11.46,-1.1,6,7,7,3,2,16,1875,2077,,1125,723,1580,0.458,195,569,0.343,436,620,0.703,242,1046,373,182,129,355,478
210,North Carolina-Asheville,27,4,23,0.148,-18.16,-1.83,2,11,3,7,1,13,1621,1980,,1085,698,1471,0.475,220,620,0.355,364,521,0.699,299,926,460,190,98,330,405
211,North Carolina A&T,26,14,12,0.538,-11.93,-8.14,9,3,7,2,7,10,1833,1851,,1045,671,1527,0.439,178,550,0.324,331,466,0.71,317,947,363,157,88,361,433
212,North Carolina Central,27,13,14,0.481,-11.08,-10.04,8,5,8,2,4,11,1963,1816,,1085,664,1518,0.437,171,537,0.318,317,473,0.67,237,819,361,158,99,378,450
213,North Carolina-Greensboro,28,23,5,0.821,3.55,-1.83,12,3,12,1,9,4,2150,1884,,1125,667,1534,0.435,204,581,0.351,346,496,0.698,279,954,310,156,81,484,494
214,North Carolina State,27,19,8,0.704,16.75,6.08,7,7,14,3,3,5,2211,1923,,1090,669,1516,0.441,157,523,0.3,428,616,0.695,278,911,339,178,103,447,488
215,North Carolina-Wilmington,29,9,20,0.31,-7.39,-1.57,5,11,5,9,2,9,2239,2363,,1175,823,1740,0.473,300,772,0.389,417,570,0.732,255,962,396,182,64,299,531
216,North Carolina,26,21,5,0.808,25,10.73,11,2,11,2,9,1,2275,1904,,1045,674,1618,0.417,221,670,0.33,335,488,0.686,247,880,363,182,120,392,463
217,North Dakota State,27,14,13,0.519,-3.69,-1.45,8,5,10,2,3,8,1997,1974,,1090,741,1585,0.468,199,556,0.358,293,392,0.747,213,891,341,146,68,279,454
218,North Dakota,26,10,16,0.385,-9.07,-2.7,4,9,7,6,3,10,1912,1892,,1040,695,1542,0.451,175,510,0.343,327,425,0.769,224,921,305,190,56,340,429
219,North Florida,29,13,16,0.448,-3.98,-0.16,7,7,7,3,5,12,2194,2257,,1165,828,1894,0.437,192,552,0.348,409,581,0.704,372,1106,473,277,93,389,468
220,North Texas,27,20,7,0.741,2.05,-3.61,8,6,12,2,6,5,1933,1669,,1085,578,1433,0.403,167,533,0.313,346,515,0.672,240,879,282,164,97,380,437
221,Northeastern,27,17,10,0.63,3.79,-0.28,11,4,9,2,6,6,2041,1931,,1105,707,1540,0.459,194,573,0.339,323,448,0.721,226,867,322,158,57,316,481
222,Northern Arizona,26,9,17,0.346,-10.28,-5.93,7,9,4,6,4,11,1903,2016,,1045,732,1550,0.472,229,662,0.346,323,453,0.713,235,935,389,140,70,298,462
223,Northern Colorado,26,17,9,0.654,-3.92,-6.55,11,4,8,2,9,5,2008,1809,,1050,676,1510,0.448,163,446,0.365,294,412,0.714,222,838,293,166,81,325,495
224,Northern Illinois,26,12,14,0.462,2,1.09,5,8,8,5,3,8,1933,1865,,1055,629,1442,0.436,246,677,0.363,361,543,0.665,214,846,371,137,73,329,438
225,Northern Iowa,28,13,15,0.464,-1.35,1.11,8,7,8,4,3,8,1867,1877,,1120,658,1487,0.443,200,589,0.34,361,496,0.728,206,924,334,183,69,343,459
226,Northern Kentucky,28,21,7,0.75,5.53,-2.81,11,4,15,0,5,7,2222,1901,,1130,655,1581,0.414,181,601,0.301,410,570,0.719,262,906,316,155,96,378,521
227,Northwestern State,27,10,17,0.37,-15.88,-4.46,5,9,7,6,3,11,1805,1998,,1090,692,1611,0.43,214,598,0.358,400,587,0.681,335,1067,389,217,109,384,484
228,Northwestern,26,12,14,0.462,10.48,8.64,3,12,9,5,1,8,1724,1676,,1045,608,1433,0.424,132,453,0.291,328,472,0.695,235,915,344,155,85,325,451
229,Notre Dame,26,13,13,0.5,8.9,7.4,3,10,11,6,1,6,1839,1800,,1040,684,1597,0.428,204,595,0.343,228,327,0.697,295,1000,338,138,67,290,427
230,Oakland,28,12,16,0.429,-3.79,-1.09,8,7,6,6,6,10,2128,2157,,1125,793,1685,0.471,214,612,0.35,357,488,0.732,313,1004,433,180,81,341,527
231,Ohio State,26,17,9,0.654,15.78,9.43,7,8,11,5,4,4,1829,1664,,1040,577,1424,0.405,172,539,0.319,338,454,0.744,239,851,284,159,76,332,505
232,Ohio,25,11,14,0.44,-3.69,3.02,3,10,9,4,2,8,1730,1855,,1010,657,1474,0.446,209,576,0.363,332,466,0.712,221,887,345,203,67,350,455
233,Oklahoma State,26,10,16,0.385,8.31,11,3,10,7,6,1,8,1763,1833,,1040,630,1487,0.424,225,644,0.349,348,461,0.755,272,912,344,157,90,313,437
234,Oklahoma,26,16,10,0.615,15.52,11.67,4,9,8,4,5,5,1850,1750,,1045,637,1606,0.397,213,638,0.334,263,387,0.68,281,963,324,173,96,325,455
235,Old Dominion,27,21,6,0.778,4.79,-2.32,11,3,13,1,7,3,1838,1646,,1080,561,1467,0.382,205,614,0.334,319,473,0.674,237,920,300,119,62,327,450
236,Oral Roberts,29,10,19,0.345,-9.01,-1.41,6,8,6,6,3,12,2091,2242,,1165,780,1708,0.457,261,691,0.378,421,557,0.756,257,953,449,204,77,306,432
237,Oregon State,25,16,9,0.64,8.45,3.57,8,5,10,3,4,3,1846,1724,,1005,607,1435,0.423,194,531,0.365,316,479,0.66,259,819,322,155,62,302,476
238,Oregon,26,15,11,0.577,9.96,5,6,7,11,4,3,5,1808,1679,,1045,575,1390,0.414,191,636,0.3,338,476,0.71,245,850,323,138,65,359,441
239,Pacific,28,13,15,0.464,-2.43,1.38,3,10,9,4,4,10,1890,1959,,1130,664,1435,0.463,227,629,0.361,404,594,0.68,201,874,323,160,97,371,569
240,Penn State,26,10,16,0.385,11.91,11.87,3,12,7,6,1,8,1801,1800,,1050,639,1413,0.452,183,491,0.373,339,476,0.712,212,890,318,177,93,361,472
241,Pennsylvania,24,15,9,0.625,1.97,-0.2,3,5,7,3,7,4,1794,1695,,980,639,1468,0.435,145,452,0.321,272,399,0.682,241,872,247,152,67,316,437
242,Pepperdine,28,12,16,0.429,0.46,0.38,5,9,8,4,2,10,2122,2086,,1130,741,1601,0.463,213,640,0.333,391,553,0.707,277,1015,412,171,91,425,566
243,Pittsburgh,27,12,15,0.444,9.44,6.07,2,12,10,6,0,9,1951,1860,,1090,645,1584,0.407,206,628,0.328,364,515,0.707,343,1008,371,179,153,419,552
244,Portland State,26,12,14,0.462,-9.59,-4.98,7,8,8,4,2,9,2041,1984,,1050,674,1433,0.47,183,520,0.352,453,647,0.7,233,849,363,164,86,405,521
245,Portland,28,7,21,0.25,-10.04,0.73,0,13,6,10,1,9,1841,2093,,1130,732,1660,0.441,240,668,0.359,389,560,0.695,296,1071,444,178,94,323,553
246,Prairie View,25,13,12,0.52,-8.93,-6.34,11,1,6,0,7,12,1836,1882,,1000,626,1353,0.463,161,504,0.319,469,675,0.695,282,962,334,140,117,449,535
247,Presbyterian,28,16,12,0.571,-3.55,-4.51,8,5,11,2,5,10,2213,2041,,1125,710,1587,0.447,249,693,0.359,372,533,0.698,255,990,361,125,73,391,479
248,Princeton,21,13,8,0.619,-3.12,-0.27,5,3,5,3,7,4,1467,1458,,850,521,1221,0.427,148,452,0.327,268,370,0.724,187,765,224,131,89,269,350
249,Providence,27,15,12,0.556,8.1,5.92,5,9,10,5,4,5,1930,1871,,1095,660,1524,0.433,187,543,0.344,364,501,0.727,265,956,337,181,83,393,535
250,Purdue,26,19,7,0.731,20.93,11.77,12,3,13,0,4,5,1992,1754,,1050,604,1418,0.426,219,626,0.35,327,453,0.722,236,830,329,127,94,357,433
251,Quinnipiac,26,14,12,0.538,-5.95,-7.14,9,6,7,6,7,5,1918,1887,,1070,708,1597,0.443,205,592,0.346,266,416,0.639,276,917,323,156,81,295,503
252,Radford,27,19,8,0.704,1.74,-1.51,11,2,10,1,8,6,2023,1849,,1090,650,1495,0.435,232,672,0.345,317,439,0.722,223,859,325,123,76,351,452
253,Rhode Island,25,12,13,0.48,1.46,1.18,5,8,7,4,3,7,1693,1686,,1005,590,1382,0.427,168,516,0.326,338,486,0.695,235,863,305,155,84,345,474
254,Rice,27,10,17,0.37,-5.8,-0.64,5,9,8,6,2,11,2001,2109,,1095,760,1686,0.451,226,657,0.344,363,503,0.722,242,975,399,175,89,303,523
255,Richmond,26,11,15,0.423,-0.97,-1.05,5,8,7,8,3,5,1833,1831,,1040,679,1453,0.467,193,561,0.344,280,413,0.678,237,899,322,145,75,329,411
256,Rider,27,14,13,0.519,-4.66,-5.92,9,6,8,2,5,10,2049,2015,,1085,704,1537,0.458,238,668,0.356,369,553,0.667,251,973,408,166,99,462,572
257,Robert Morris,28,14,14,0.5,-9,-7.04,9,6,9,3,4,11,1950,1897,,1130,644,1460,0.441,177,527,0.336,432,593,0.728,244,933,316,177,81,444,522
258,Rutgers,26,12,14,0.462,9.06,9.87,5,11,9,6,3,8,1752,1773,,1050,634,1490,0.426,209,583,0.358,296,446,0.664,251,908,335,170,88,318,466
259,Sacramento State,24,12,12,0.5,-7.92,-6.11,6,9,7,4,3,8,1708,1648,,970,569,1295,0.439,170,485,0.351,340,469,0.725,207,816,308,153,90,370,468
260,Sacred Heart,28,12,16,0.429,-8.35,-7.17,8,7,8,2,3,12,2235,2225,,1125,791,1762,0.449,251,688,0.365,392,544,0.721,272,967,418,195,110,341,536
261,Saint Francis (PA),26,15,11,0.577,-7.99,-5.41,11,4,9,2,5,9,1997,1972,,1040,715,1555,0.46,208,598,0.348,334,465,0.718,253,903,368,143,111,335,460
262,Saint Joseph's,26,11,15,0.423,-0.87,2.02,4,9,9,4,1,9,1811,1886,,1040,673,1524,0.442,252,694,0.363,288,399,0.722,212,955,403,135,63,273,411
263,Saint Louis,26,17,9,0.654,4.28,1.13,8,5,13,2,4,5,1740,1658,,1040,580,1417,0.409,159,531,0.299,339,469,0.723,219,867,308,168,90,349,509
264,Saint Mary's (CA),28,18,10,0.643,11.83,3.3,9,4,13,2,3,5,2091,1852,,1125,677,1529,0.443,159,475,0.335,339,456,0.743,213,816,301,132,92,300,463
265,Saint Peter's,26,6,20,0.231,-13.25,-5.48,3,11,5,6,1,14,1605,1807,,1060,598,1367,0.437,212,553,0.383,399,544,0.733,238,838,335,196,88,331,447
266,Sam Houston State,27,18,9,0.667,-2.23,-5.23,13,1,11,1,6,8,1986,1825,,1095,607,1431,0.424,192,590,0.325,419,582,0.72,245,929,327,152,81,427,466
267,Samford,28,16,12,0.571,1.34,-2.33,6,9,11,4,5,7,2185,2077,,1150,734,1772,0.414,262,755,0.347,347,510,0.68,342,1031,402,189,74,381,519
268,San Diego State,26,17,9,0.654,5.53,1.53,9,4,13,2,3,5,1927,1774,,1040,613,1474,0.416,213,636,0.335,335,474,0.707,256,853,340,158,67,353,508
269,San Diego,28,17,11,0.607,6.57,3.54,6,7,11,3,4,7,2050,1920,,1135,683,1541,0.443,164,504,0.325,390,539,0.724,205,879,316,188,76,345,534
270,San Francisco,27,21,6,0.778,11.04,1.47,9,4,13,1,5,4,2062,1779,,1085,654,1548,0.422,158,514,0.307,313,438,0.715,252,918,289,126,105,328,467
271,San Jose State,25,3,22,0.12,-15.08,1.3,0,13,3,10,0,9,1621,1997,,1010,727,1538,0.473,270,734,0.368,273,410,0.666,229,887,410,207,70,286,485
272,Santa Clara,27,14,13,0.519,-2.12,1.15,6,7,10,6,3,5,1854,1911,,1095,677,1577,0.429,166,532,0.312,391,555,0.705,272,925,362,180,73,292,479
273,Savannah State,26,10,16,0.385,-20.06,-7.1,7,5,6,4,3,12,2000,2314,,1045,829,1760,0.471,261,727,0.359,395,557,0.709,346,1187,521,193,84,392,414
274,Seattle,26,14,12,0.538,-1.06,-3.64,2,9,8,4,3,8,1919,1794,,1040,605,1489,0.406,167,501,0.333,417,579,0.72,244,854,245,154,80,306,526
275,Seton Hall,26,16,10,0.615,10.67,8.14,7,7,9,4,3,6,1921,1855,,1045,653,1515,0.431,203,596,0.341,344,462,0.745,267,923,354,152,112,370,474
276,Siena,28,14,14,0.5,-7.78,-5.99,9,6,6,7,7,6,1786,1836,,1140,682,1461,0.467,194,522,0.372,278,401,0.693,236,930,299,137,64,327,396
277,South Alabama,26,12,14,0.462,-4.51,-2.43,5,8,11,5,1,9,1916,1897,,1055,661,1465,0.451,181,501,0.361,394,582,0.677,273,934,352,144,114,370,478
278,South Carolina State,28,7,21,0.25,-16.43,-6.39,5,7,5,5,2,16,1946,2138,,1130,740,1524,0.486,223,601,0.371,435,625,0.696,260,914,365,155,96,407,586
279,South Carolina Upstate,29,6,23,0.207,-14.6,-4.3,1,14,5,7,1,13,1973,2147,,1170,746,1639,0.455,199,582,0.342,456,645,0.707,321,1096,384,185,94,400,432
280,South Carolina,26,14,12,0.538,8.36,9.64,9,4,10,5,3,6,1940,1921,,1045,644,1519,0.424,203,581,0.349,430,582,0.739,298,951,326,181,93,387,515
281,South Dakota State,29,22,7,0.759,6.85,-4.76,12,2,11,1,7,5,2460,2112,,1160,759,1848,0.411,294,881,0.334,300,432,0.694,268,975,371,167,87,330,527
282,South Dakota,26,11,15,0.423,-5.31,-2.68,5,8,6,6,4,7,1806,1818,,1045,640,1442,0.444,185,521,0.355,353,472,0.748,217,894,286,130,95,325,498
283,South Florida,26,18,8,0.692,6.35,-0.09,7,6,14,3,3,4,1913,1711,,1065,566,1382,0.41,167,537,0.311,412,597,0.69,235,827,328,186,113,423,606
284,Southeast Missouri State,28,9,19,0.321,-11.26,-5.03,4,11,5,7,2,11,1994,2117,,1145,744,1660,0.448,224,698,0.321,405,566,0.716,285,1026,403,167,104,365,440
285,Southeastern Louisiana,27,13,14,0.481,-8.56,-5.28,9,5,7,5,6,8,1791,1837,,1080,637,1425,0.447,155,476,0.326,408,561,0.727,244,855,293,192,99,404,518
286,Southern California,27,15,12,0.556,9.02,4.28,8,6,11,4,2,6,2074,1946,,1095,700,1677,0.417,214,648,0.33,332,492,0.675,305,1015,375,160,76,363,482
287,SIU Edwardsville,27,9,18,0.333,-14.25,-5.05,5,10,6,7,1,10,1974,2186,,1120,765,1560,0.49,212,579,0.366,444,623,0.713,249,1008,399,195,82,396,529
288,Southern Illinois,28,14,14,0.5,1.19,0.23,7,8,7,6,6,7,1903,1876,,1120,681,1598,0.426,229,646,0.354,285,411,0.693,299,923,363,179,88,367,455
289,Southern Methodist,25,13,12,0.52,7.07,2.27,5,8,9,6,2,5,1847,1727,,1000,607,1406,0.432,210,585,0.359,303,416,0.728,239,802,381,126,68,306,392
290,Southern Mississippi,26,17,9,0.654,3.37,-0.82,9,5,10,2,6,5,1900,1675,,1045,595,1506,0.395,223,699,0.319,262,406,0.645,263,948,313,143,70,346,383
291,Southern Utah,25,13,12,0.52,-9.24,-5.94,8,8,8,2,4,10,1913,1896,,1015,638,1505,0.424,204,563,0.362,416,585,0.711,249,934,316,163,93,336,505
292,Southern,26,4,22,0.154,-17.55,-5.71,3,10,4,4,0,16,1688,1975,,1045,661,1348,0.49,183,479,0.382,470,669,0.703,255,872,342,164,92,394,470
293,St. Bonaventure,26,12,14,0.462,1.91,0.37,8,5,7,5,4,6,1743,1703,,1065,594,1423,0.417,206,625,0.33,309,465,0.665,242,875,304,160,77,358,428
294,St. Francis (NY),28,16,12,0.571,-9.17,-7.55,8,7,10,2,6,8,2001,1964,,1120,684,1601,0.427,150,498,0.301,446,612,0.729,279,1057,304,144,106,376,510
295,St. John's (NY),27,19,8,0.704,10.61,5.46,7,7,10,3,4,5,2120,1981,,1095,671,1583,0.424,232,690,0.336,407,580,0.702,273,1041,367,150,65,417,453
296,Stanford,26,14,12,0.538,6.04,5.69,7,7,9,2,4,8,1911,1902,,1045,696,1585,0.439,147,426,0.345,363,528,0.688,281,904,287,174,81,321,516
297,Stephen F. Austin,25,13,12,0.52,-10.06,-4.63,6,7,9,5,3,6,1756,1794,,1010,613,1406,0.436,221,608,0.363,347,492,0.705,274,860,382,180,71,406,465
298,Stetson,28,6,22,0.214,-14.98,-2.4,2,11,6,8,0,14,1939,2209,,1125,788,1676,0.47,251,676,0.371,382,548,0.697,306,1093,457,179,102,376,444
299,Stony Brook,27,21,6,0.778,-2.45,-6.56,9,3,8,2,12,2,1936,1793,,1090,602,1557,0.387,206,667,0.309,383,570,0.672,272,943,321,164,102,349,520
300,Syracuse,26,18,8,0.692,14.66,8.43,9,4,13,4,5,2,1819,1657,,1045,556,1417,0.392,212,684,0.31,333,474,0.703,296,945,382,161,76,413,485
301,Temple,26,19,7,0.731,8.32,4.55,9,4,10,2,7,4,1939,1841,,1060,667,1490,0.448,180,556,0.324,327,498,0.657,254,968,329,143,65,388,439
302,Tennessee-Martin,26,10,16,0.385,-10.2,-4.45,5,10,9,3,1,12,1961,2037,,1050,760,1585,0.479,240,645,0.372,277,405,0.684,288,940,448,184,84,368,416
303,Tennessee State,27,8,19,0.296,-11.4,-2.12,5,10,5,6,3,12,1947,2092,,1090,681,1462,0.466,186,511,0.364,544,771,0.706,250,935,305,182,102,413,504
304,Tennessee Tech,28,7,21,0.25,-14.87,-1.94,3,12,5,8,2,12,1910,2151,,1130,767,1729,0.444,218,634,0.344,399,555,0.719,332,1083,461,246,92,412,528
305,Tennessee,26,24,2,0.923,22.95,7.79,12,1,16,0,6,1,2177,1753,,1050,614,1559,0.394,206,619,0.333,319,503,0.634,311,881,322,157,62,354,503
306,Texas A&M-Corpus Christi,26,11,15,0.423,-7.38,-3.74,6,7,8,5,3,9,1742,1724,,1045,568,1366,0.416,194,553,0.351,394,538,0.732,214,846,326,165,97,378,467
307,Texas A&M,25,11,14,0.44,7.76,8.16,4,9,8,7,2,5,1789,1799,,1000,644,1543,0.417,223,662,0.337,288,416,0.692,310,915,381,175,115,327,439
308,Texas-Arlington,27,12,15,0.444,-1.61,1.73,8,6,7,4,5,10,1827,1890,,1095,664,1546,0.429,175,578,0.303,387,575,0.673,269,957,347,173,106,356,506
309,Texas Christian,26,17,9,0.654,14.42,8.54,5,8,11,3,2,6,1953,1800,,1045,647,1526,0.424,170,545,0.312,336,460,0.73,260,877,378,141,98,347,430
310,Texas-El Paso,25,8,17,0.32,-6.54,-0.23,3,11,8,6,0,11,1620,1731,,1000,618,1456,0.424,189,531,0.356,306,465,0.658,244,877,291,173,88,339,508
311,Texas-Rio Grande Valley,29,16,13,0.552,-0.86,-0.38,7,5,10,7,6,6,2003,1990,,1165,672,1561,0.43,162,532,0.305,484,697,0.694,334,1153,383,182,105,529,634
312,Texas-San Antonio,27,15,12,0.556,2.36,0.18,9,5,10,3,4,6,2136,2030,,1090,712,1666,0.427,208,664,0.313,398,564,0.706,270,1062,339,147,92,373,446
313,Texas Southern,25,14,11,0.56,-6,-3.82,9,3,6,1,8,10,1967,1975,,1005,722,1584,0.456,200,552,0.362,331,509,0.65,294,989,395,184,91,382,514
314,Texas State,27,21,6,0.778,3.85,-2.47,10,4,10,2,9,3,2006,1727,,1090,583,1436,0.406,162,554,0.292,399,546,0.731,224,872,281,165,105,407,510
315,Texas Tech,26,21,5,0.808,20.73,6.38,9,4,14,1,4,3,1859,1486,,1040,488,1350,0.361,149,539,0.276,361,532,0.679,260,833,237,171,63,425,500
316,Texas,26,15,11,0.577,16.25,10.64,7,6,11,5,2,5,1864,1718,,1045,613,1457,0.421,192,547,0.351,300,440,0.682,265,891,288,141,79,343,441
317,Toledo,26,20,6,0.769,8.83,0.43,8,5,11,2,6,4,2040,1789,,1050,662,1632,0.406,180,576,0.313,285,419,0.68,258,926,284,160,76,281,436
318,Towson,28,10,18,0.357,-6.95,-2.76,6,9,5,6,4,6,1908,1994,,1150,675,1577,0.428,249,719,0.346,395,527,0.75,255,902,404,145,67,289,470
319,Troy,25,11,14,0.44,-4.92,-0.61,4,9,8,5,3,9,1879,1898,,1010,676,1510,0.448,221,576,0.384,325,469,0.693,275,888,328,157,51,313,432
320,Tulane,25,4,21,0.16,-7.73,3.27,0,13,3,9,0,8,1651,1926,,1000,699,1597,0.438,205,605,0.339,323,480,0.673,298,976,355,194,91,265,465
321,Tulsa,27,16,11,0.593,5.09,4.09,6,8,12,3,3,6,1932,1905,,1090,657,1630,0.403,238,732,0.325,353,508,0.695,305,1013,369,182,81,335,536
322,UCLA,27,14,13,0.519,8.08,6.56,7,7,10,5,3,5,2097,2056,,1090,733,1747,0.42,244,717,0.34,346,487,0.71,285,973,451,204,86,321,524
323,Utah State,27,21,6,0.778,12.18,-0.21,11,3,12,1,7,4,2123,1774,,1080,594,1524,0.39,213,611,0.349,373,523,0.713,222,834,302,164,86,349,520
324,Utah Valley,26,18,8,0.692,3.2,-1.96,7,4,9,1,6,7,2025,1853,,1040,654,1515,0.432,196,546,0.359,349,489,0.714,222,827,348,183,67,318,525
325,Utah,26,14,12,0.538,6.13,5.4,8,6,8,5,5,4,1959,1940,,1045,693,1525,0.454,200,565,0.354,354,489,0.724,249,836,335,157,102,261,489
326,Valparaiso,28,14,14,0.5,-2.36,-0.63,7,8,8,6,5,6,1916,1869,,1135,672,1559,0.431,182,550,0.331,343,485,0.707,256,914,340,196,82,361,470
327,Vanderbilt,26,9,17,0.346,6.33,7.52,0,13,8,8,1,7,1848,1879,,1045,656,1546,0.424,184,560,0.329,383,529,0.724,268,922,308,164,93,296,509
328,Vermont,27,21,6,0.778,5.04,-3.08,11,2,11,2,10,3,2017,1740,,1090,631,1482,0.426,190,544,0.349,288,397,0.725,197,843,288,143,71,362,541
329,Villanova,27,20,7,0.741,15.72,7.46,11,3,11,2,5,4,2043,1820,,1090,657,1509,0.435,198,581,0.341,308,440,0.7,252,882,366,144,60,324,505
330,Virginia Commonwealth,26,20,6,0.769,12.51,3.43,11,2,13,1,6,4,1845,1609,,1050,549,1443,0.38,128,485,0.264,383,552,0.694,303,923,280,167,64,425,518
331,VMI,27,7,20,0.259,-11.92,1.16,1,14,6,6,1,13,2017,2208,,1090,791,1665,0.475,238,645,0.369,388,541,0.717,260,1049,418,177,101,352,444
332,Virginia Tech,26,20,6,0.769,19.67,6.21,9,5,12,2,4,4,1942,1592,,1040,556,1363,0.408,234,681,0.344,246,353,0.697,235,768,316,133,79,388,422
333,Virginia,25,23,2,0.92,25.95,8.75,11,2,12,1,8,1,1794,1364,,1005,494,1312,0.377,137,530,0.258,239,371,0.644,226,744,219,137,67,282,395
334,Wagner,26,13,13,0.5,-10.75,-7.25,8,7,7,5,6,7,1730,1734,,1045,561,1338,0.419,187,557,0.336,425,609,0.698,232,865,300,154,78,346,475
335,Wake Forest,25,10,15,0.4,1.18,7.74,3,10,7,6,1,8,1717,1881,,1010,673,1443,0.466,200,582,0.344,335,481,0.696,226,842,390,174,104,276,495
336,Washington State,26,11,15,0.423,0.83,0.98,4,9,9,4,2,6,2006,2010,,1040,739,1600,0.462,237,677,0.35,295,447,0.66,276,931,395,178,60,329,452
337,Washington,26,21,5,0.808,13.59,6.17,12,1,13,0,6,3,1855,1662,,1040,579,1426,0.406,162,500,0.324,342,489,0.699,302,872,336,151,55,420,491
338,Weber State,27,16,11,0.593,-2.48,-5.28,10,6,9,4,5,4,2182,2003,,1090,730,1716,0.425,166,536,0.31,377,547,0.689,264,986,324,158,71,306,509
339,West Virginia,26,10,16,0.385,5.43,9.86,2,11,8,6,0,7,1836,1951,,1045,663,1486,0.446,191,538,0.355,434,612,0.709,275,900,347,220,87,351,578
340,Western Carolina,29,7,22,0.241,-8.17,1.58,4,12,4,7,3,12,2069,2303,,1175,819,1714,0.478,207,645,0.321,458,673,0.681,260,931,378,262,120,308,559
341,Western Illinois,26,8,18,0.308,-9.62,-5.37,3,10,6,6,2,12,1859,1894,,1045,694,1572,0.441,228,590,0.386,278,421,0.66,242,965,321,151,72,284,386
342,Western Kentucky,27,16,11,0.593,2.88,1,9,5,9,3,5,7,1948,1897,,1095,689,1643,0.419,229,672,0.341,290,425,0.682,277,947,346,162,95,339,482
343,Western Michigan,26,8,18,0.308,-6.23,1.45,2,11,5,7,2,10,1848,1993,,1055,715,1614,0.443,234,632,0.37,329,451,0.729,272,920,365,200,84,279,492
344,Wichita State,25,13,12,0.52,6.14,6.14,6,7,8,3,2,7,1746,1746,,1005,587,1379,0.426,181,528,0.343,391,572,0.684,239,882,289,136,96,319,427
345,William & Mary,27,11,16,0.407,-4.28,-0.85,7,8,7,5,3,11,2034,2106,,1105,752,1622,0.464,218,589,0.37,384,494,0.777,231,919,362,189,75,294,452
346,Winthrop,27,17,10,0.63,-1.66,-3.74,9,5,10,3,7,6,2281,2113,,1080,754,1736,0.434,234,702,0.333,371,516,0.719,263,948,360,200,83,319,500
347,Wisconsin,26,18,8,0.692,19.23,10.5,10,5,10,3,6,4,1817,1590,,1050,587,1481,0.396,160,514,0.311,256,388,0.66,254,909,256,127,96,301,442
348,Wofford,27,23,4,0.852,13.16,0.37,15,0,15,1,8,3,2252,1781,,1090,631,1466,0.43,204,593,0.344,315,451,0.698,198,766,314,145,67,388,418
349,Wright State,28,17,11,0.607,3.14,-0.71,11,4,12,2,4,6,2075,1917,,1125,696,1525,0.456,222,605,0.367,303,430,0.705,227,886,308,152,88,395,533
350,Wyoming,26,6,20,0.231,-9.11,1.33,2,11,5,9,0,9,1688,1947,,1045,681,1503,0.453,206,599,0.344,379,516,0.734,248,969,381,178,81,327,498
351,Xavier,27,14,13,0.519,8.23,7.75,6,8,10,5,3,6,1945,1932,,1090,698,1596,0.437,237,659,0.36,299,428,0.699,272,875,396,190,87,309,478
352,Yale,21,17,4,0.81,5.54,-1.51,7,1,8,0,7,4,1700,1530,,855,539,1348,0.4,158,513,0.308,294,413,0.712,214,728,268,166,70,244,370
353,Youngstown State,29,12,17,0.414,-6.75,-1.9,8,8,6,6,5,8,2197,2267,,1180,795,1720,0.462,225,667,0.337,452,621,0.728,286,1024,394,167,103,361,457
