"Season","TeamName","Size","SizeRank","Hgt5","Hgt5Rank","Hgt4","Hgt4Rank","Hgt3","Hgt3Rank","Hgt2","Hgt2Rank","Hgt1","Hgt1Rank","HgtEff","HgtEffRank","Exp","ExpRank","Bench","BenchRank","Pts5","Pts5Rank","Pts4","Pts4Rank","Pts3","Pts3Rank","Pts2","Pts2Rank","Pts1","Pts1Rank","OR5","OR5Rank","OR4","OR4Rank","OR3","OR3Rank","OR2","OR2Rank","OR1","OR1Rank","DR5","DR5Rank","DR4","DR4Rank","DR3","DR3Rank","DR2","DR2Rank","DR1","DR1Rank"
2019,"Abilene Christian",76.03,284,-0.79,265,-0.7,258,-0.71,264,-0.94,271,-0.83,262,-0.75,274,2.14,46,27.99,236,25.55,25,22.75,88,15.53,298,18.51,230,17.63,265,30.68,278,36.09,42,18.44,123,7.12,276,7.64,190,23.74,247,22.89,227,18.63,187,19.71,51,15.01,118
2019,"Air Force",77.16,125,-2.01,340,0.18,146,0.37,112,1.06,56,2.09,28,-0.91,294,1.53,221,33.14,103,18.8,194,28.94,7,20.38,142,14.73,332,17.09,279,41.98,91,34.64,51,13.32,234,5.98,312,3.98,324,22.03,294,23.4,211,21.27,87,19.48,56,13.77,184
2019,"Akron",76.33,248,0.28,128,-0.95,287,0.2,127,1.35,41,-3.35,348,-0.34,219,1.91,101,24.69,308,11.47,350,23.83,62,22.62,70,18.75,215,23.31,104,35.21,203,17.09,332,19.3,100,16.22,49,12.14,35,24.02,238,21.27,271,23.5,44,18.53,78,12.65,243
2019,"Alabama",77.82,42,-0.01,160,0.56,105,0.95,72,1.97,16,1.53,54,0.27,134,1.57,210,32.83,119,21.13,112,18.34,240,20.47,136,19.47,183,20.57,168,37.33,165,26.89,201,18.69,114,11.7,127,5.36,282,26.32,159,22.06,249,20.43,112,19.89,48,11.29,302
2019,"Alabama A&M",75.76,313,-1.47,323,-0.56,241,-0.05,174,-1.83,333,-1.39,283,-1.02,306,1.99,89,36.61,49,23.24,67,22.23,103,19.72,165,16.52,288,18.27,238,31.68,266,26.04,213,16.77,160,16.01,53,9.45,111,25.35,199,22.09,246,19.66,151,18.72,72,14.14,163
2019,"Alabama St.",75.34,340,-1.01,278,-1.54,330,-1.07,303,-0.96,289,-2.8,341,-1.28,322,1.8,133,36.73,47,15.9,286,22.1,106,21.4,113,18.37,232,22.22,123,30.6,280,34.25,58,15.36,189,11.48,138,8.29,165,19.46,340,28.82,51,19.27,164,19.44,58,13,224
2019,"Albany",76.69,194,-0.31,210,0.02,179,-0.59,251,-0.26,210,0.46,136,-0.14,192,1.08,325,25.32,293,14.38,320,16.63,287,18.95,184,24.67,36,25.32,55,40.52,110,30.67,117,15.32,190,5.34,328,8.06,173,24.27,230,21.96,254,16.1,281,17.36,113,20.26,15
2019,"Alcorn St.",76.78,175,0.35,118,-1.43,327,-0.8,269,1.06,56,0.59,123,-0.54,242,1.8,137,34.22,78,14.18,324,26.37,22,19,183,18.49,231,21.92,132,27.29,316,25.43,223,14.67,206,27.31,4,5.26,287,27.52,125,22.94,225,17.61,231,17.89,96,13.99,169
2019,"American",77.28,101,0.06,152,-0.78,263,1.02,66,0.65,100,1.36,76,-0.36,223,1.54,218,26.37,274,20.41,137,12.7,345,19.72,166,18.55,228,28.6,20,36.97,167,15.42,335,18.78,111,13.76,90,15.04,11,21.17,312,16.17,346,23.44,46,18.64,74,20.56,14
2019,"Appalachian St.",77.06,135,-0.01,160,1.44,28,0.1,158,-0.19,197,-0.14,193,0.71,79,1.87,114,33.98,86,16.09,278,20.36,163,27.86,10,17.88,249,17.74,261,36.21,184,31.41,104,11.66,267,13.21,98,7.41,197,27.35,126,29.14,44,14.96,310,15.71,179,12.76,236
2019,"Arizona",76.93,152,0.56,105,0.44,121,0.81,79,0.36,130,-1.62,293,0.5,102,1.63,193,34.31,75,22.41,83,18.15,244,21.78,99,19.67,178,17.97,248,39.83,121,29.64,147,21.54,69,5.35,327,3.6,334,26.12,167,22.44,237,19.58,154,18.32,82,13.53,198
2019,"Arizona St.",77.63,65,-0.35,220,1.18,43,1.86,21,1.06,56,0.31,154,0.42,116,1.34,283,26.7,265,17.89,221,18.26,242,18.53,200,23.95,47,21.35,145,30.77,276,30.58,121,16.92,156,11.97,124,9.72,99,21.15,313,31.91,14,20.15,125,15.02,210,11.74,283
2019,"Arkansas",77.56,72,1.14,55,0.09,169,0.2,127,0.79,83,1.46,56,0.61,87,0.86,340,30.89,170,25.08,34,16.61,288,24.83,31,19.28,193,14.14,331,45.55,39,27.99,178,8.54,331,9.29,211,8.55,152,32.94,28,23.95,191,18.81,183,11.54,329,12.69,238
2019,"Arkansas Pine Bluff",77.19,120,-0.17,188,-0.53,239,0.2,127,1.16,51,1.19,83,-0.35,220,2.12,50,33.66,93,15.83,288,15.93,306,23.79,47,30.88,2,13.51,339,34.8,211,22.78,270,18.6,117,11.24,143,12.51,30,24.86,213,23.69,199,18.34,200,19.27,64,13.76,186
2019,"Arkansas St.",76.36,242,-0.7,250,0.34,134,-0.51,240,-1.02,294,-0.41,226,-0.18,194,2.15,43,32.02,140,15.52,298,15.37,320,18.62,198,17.67,258,32.81,7,39.38,128,30.57,122,11.32,278,9.33,209,9.37,113,23.44,258,25.54,135,26.05,15,11.77,324,13.17,215
2019,"Army",75.37,338,-0.33,213,-1.11,303,-2.77,351,-2.51,350,-0.54,237,-0.72,270,1.89,109,35.89,59,26.29,18,18.05,249,14.93,309,18.7,221,21.96,130,37.73,155,33.28,73,18.17,128,6.63,293,4.11,320,32.97,27,16.52,344,15.47,298,16.66,140,18.31,38
2019,"Auburn",76.6,203,-0.26,205,0.56,107,0.16,152,-0.19,196,-1.39,284,0.15,147,2.17,38,29.82,197,19.65,162,18.65,227,17.06,252,22.97,78,21.65,141,42.88,76,27.38,188,16.89,157,7.49,259,5.32,286,29.31,71,26.5,100,22.31,62,9.66,350,12.19,260
2019,"Austin Peay",75.87,303,-2.09,347,-1.82,340,-0.09,182,-0.21,204,-0.54,237,-1.95,349,2.18,35,32.53,126,17.55,239,23.95,58,27.41,13,16.89,273,14.19,329,37.99,151,15.21,337,29.93,14,9.86,196,7.01,208,25.83,181,24.54,171,25.03,25,15.28,197,9.3,338
2019,"BYU",77.24,109,-0.13,183,0.64,101,1.29,46,0.57,109,-0.29,216,0.26,136,1.79,139,35.39,64,21.67,99,22.91,82,16.99,256,24.31,39,14.12,332,42.55,82,33.59,67,11.09,285,5.2,330,7.57,192,26.66,150,27.88,67,20.06,131,14.66,227,10.75,319
2019,"Ball St.",77.2,119,-0.33,217,0.8,80,0.47,103,0.06,156,0.9,98,0.23,139,2.19,32,28.58,224,17.31,245,21.31,133,14.94,308,27.45,14,18.98,214,32.44,254,30.78,116,13.46,232,19.1,23,4.19,317,27.01,137,25.65,132,17.9,214,15.67,181,13.74,189
2019,"Baylor",76.95,146,0.16,141,0.08,170,-0.74,266,0.06,156,1.11,86,0.12,150,1.43,253,35.85,60,20.56,134,18.55,230,17.73,228,19.33,191,23.8,91,27.65,309,28.83,164,26.52,26,11.59,130,5.33,284,21.96,297,25.13,146,18.79,184,21.32,29,12.74,237
2019,"Belmont",77.46,83,1.81,20,1.18,43,-0.24,207,-0.14,190,0.59,124,1.5,23,1.43,257,27.57,249,23.41,60,26.76,20,12.63,343,21.02,127,16.14,300,35.48,199,31.49,100,14.95,200,8.49,234,9.52,109,22.6,277,35.45,2,12.7,345,13.66,270,15.53,97
2019,"Bethune Cookman",76.43,228,-0.01,160,0,184,0.56,95,0.05,176,-2.57,337,-0.01,171,2.5,4,37.73,37,22.89,73,19.94,178,17.92,219,15.16,321,24.03,87,38.53,142,31.08,110,12.6,253,9.13,217,8.56,148,33.82,23,25.58,134,16.4,270,12.01,320,12.11,265
2019,"Binghamton",75.91,298,-0.01,160,-2.22,350,-1.46,325,-0.44,226,-0.43,228,-1.11,311,2.19,34,21.72,337,20.58,133,14.39,332,14.38,319,19.47,184,31.13,11,19.96,348,32.67,80,31.09,9,5.75,317,10.48,81,34.79,18,20.79,278,17.7,227,14.51,235,12.14,263
2019,"Boise St.",77.81,45,1.26,46,0.77,84,1.07,65,0.76,88,1.05,89,1.01,60,1.96,94,29.53,203,17.65,234,27.57,18,21.78,97,19.01,205,13.91,334,50.23,11,25.52,221,9.12,321,6.47,297,8.56,150,22.02,295,26.27,113,19.8,141,17.23,121,14.61,139
2019,"Boston College",77.46,84,1.48,38,1.18,43,0.16,153,-0.11,187,0.48,135,1.33,33,1.49,238,29.04,213,23.25,65,11.48,350,19.07,179,18.61,224,27.56,29,36.36,180,33.11,76,9.1,322,12.34,112,9.05,123,23.13,268,26.41,105,8.66,353,13.51,277,28.27,1
2019,"Boston University",77.84,40,0.03,157,0.72,91,1.58,30,1.21,49,1.55,53,0.38,120,0.89,339,36.17,55,17.83,224,24.96,44,22.89,64,17.07,269,17.24,276,34.13,222,34.85,48,13.58,228,8.78,227,8.66,144,28.92,82,24.15,186,20.08,129,12.9,297,13.95,174
2019,"Bowling Green",77.04,138,0.34,121,-0.37,221,0.3,119,-0.19,195,1.01,90,-0.01,173,1.85,119,31.89,146,20.7,126,13.28,339,25.37,25,20.66,142,19.96,186,39.37,129,28.86,163,14.99,198,8.81,226,7.92,179,37.52,3,18.95,321,16.77,261,11.49,332,15.22,112
2019,"Bradley",76.74,186,0.7,89,-0.18,202,0.37,111,0.5,115,-1.8,301,0.26,135,2.02,79,29.92,192,19.6,166,23.41,70,17.73,229,14.11,336,25.12,61,41.93,92,32,92,8.74,329,13.89,88,3.4,340,27.3,127,28.6,54,16.87,258,17.78,103,9.42,337
2019,"Brown",76.25,261,-2.17,350,-1.82,340,-0.19,195,0.32,134,0.99,91,-1.99,351,1.68,178,30.03,186,15.14,311,21.88,113,24.06,37,20.9,133,17.98,246,36.88,170,34.25,59,9.57,315,10.86,155,8.38,163,22.78,272,28.99,46,18.29,203,17.97,93,11.93,277
2019,"Bryant",75.41,336,-1.13,296,-1.63,332,-2.8,352,-1.94,338,0.46,136,-1.38,331,1.55,216,27.89,240,13.28,338,25.15,40,13.52,336,23.17,68,24.85,70,38.71,138,27.28,192,10.66,295,11.05,151,12.24,32,35.18,14,22.75,231,16.18,276,14.14,255,11.69,287
2019,"Bucknell",77.09,131,-0.04,172,0.29,140,-0.57,249,0.06,156,1.61,50,0.13,149,1.88,110,29.9,193,24.63,42,19.87,179,14.85,313,15.76,313,24.86,69,37.73,154,27.99,177,11.21,280,12,123,11,60,33.21,26,20.5,285,16.79,260,18.92,68,10.52,327
2019,"Buffalo",76.49,222,-0.18,192,0.04,173,-1.56,328,-0.4,222,0.42,148,-0.07,186,2.34,15,29.14,212,22.76,75,20.18,171,20.7,131,20.88,135,15.4,312,27.77,307,18.48,322,24.41,42,17.96,31,11.28,53,27.13,134,23.39,212,17.08,250,17.32,117,15.01,117
2019,"Butler",76.81,167,1.33,42,-0.46,230,-0.57,248,-0.94,271,0.59,125,0.43,111,1.86,117,31.84,148,19.43,172,18.05,248,18.4,205,17.93,248,26.18,40,48.57,17,18.68,320,16.63,163,7.29,269,8.83,133,20.47,327,25.11,148,18.52,191,14.22,253,21.67,6
2019,"Cal Baptist",76.4,233,0.51,110,0.33,136,-1.51,326,-0.94,271,-0.51,234,0.42,114,1.69,174,29.94,191,15.46,299,17.01,276,28.95,4,20.99,128,17.55,269,41.32,102,33.59,66,11.6,270,6.2,306,7.18,205,24.29,229,28.59,55,20.48,111,14.63,230,11.96,275
2019,"Cal Poly",76.71,190,0.79,82,0.19,145,-0.08,179,0.91,74,-2.38,329,0.49,105,1.75,155,34.72,69,13.81,331,16.46,292,18.31,208,23.48,58,27.94,24,46.94,29,19.09,315,11.87,264,11.15,148,10.95,62,24.25,231,26.55,98,19.76,145,18.64,75,10.81,317
2019,"Cal St. Bakersfield",75.79,310,-0.97,276,-0.9,283,-0.68,261,-0.74,255,-1.85,305,-0.94,297,1.83,129,30.11,184,15.95,282,15.27,323,21.69,104,25.5,25,21.58,142,32.89,249,31.27,107,12.49,255,16.37,46,6.95,209,28.66,87,23.5,208,20.01,133,15.77,177,12.01,270
2019,"Cal St. Fullerton",76.83,166,-0.71,253,-0.96,289,-0.81,282,0.06,156,2.46,17,-0.84,284,2.16,41,27.82,242,15.31,307,16.27,298,27.27,14,12.8,348,28.31,23,43.27,71,29.92,137,5.73,350,9.58,201,11.43,50,21.63,304,27.12,84,13.13,337,19.09,65,18.96,33
2019,"Cal St. Northridge",75.32,342,-0.08,177,-0.17,201,-1.05,302,-1.87,334,-4.36,352,-0.12,191,0.86,341,22.54,327,12.18,348,33.79,1,14.31,321,13.32,343,26.38,34,28.18,305,37.3,33,20.05,90,10.97,152,3.47,337,20.63,324,34.13,7,20.32,118,17.01,132,7.88,351
2019,"California",77.38,94,1.71,25,0.35,133,0.32,114,0.42,126,0.01,173,1.03,57,0.8,342,25.08,298,19.84,155,21.19,142,18.81,188,20.45,150,19.64,196,32.23,258,30.86,115,22.62,55,9.42,204,4.77,301,26.26,164,26.07,118,20.41,114,11.96,321,15.21,113
2019,"Campbell",75.14,347,-1.9,339,-1.42,326,-0.85,288,-0.84,263,-3.36,350,-1.66,340,1.83,128,21.64,338,18.44,204,13.07,342,13.68,334,12.87,347,41.92,1,38.45,144,17.1,331,13.87,219,18.56,26,11.97,36,26.29,161,18.95,320,18.08,210,15.94,171,20.72,11
2019,"Canisius",76.53,215,-1.01,278,0.12,165,0.2,127,1.23,47,-1.98,313,-0.45,236,1.69,175,31.48,156,19.8,157,19.57,192,26.36,17,18.7,222,15.57,308,28.74,295,22.96,264,24.9,38,14.86,65,8.55,154,18.28,349,19.93,299,24.83,28,16.82,134,20.13,18
2019,"Central Arkansas",77.58,69,2.05,14,0.69,96,0.6,91,1.63,31,-1.15,274,1.37,29,1.25,298,29.98,189,22.68,77,20.95,152,17.14,250,18.65,223,20.57,169,30.5,281,24.34,245,16.65,162,17.21,38,11.27,54,25.7,187,21.76,260,19.79,143,17.78,102,14.94,122
2019,"Central Connecticut",77.05,137,-0.92,272,0.15,162,0.7,84,-0.21,203,1.46,56,-0.39,228,1.55,212,30.23,181,20.16,150,25.99,30,21.65,106,14.08,337,18.13,242,39.7,122,25.32,226,18.7,113,12.02,122,4.26,314,25.5,195,27.14,83,21.69,80,16.46,150,9.21,340
2019,"Central Michigan",75.84,307,-2.01,340,-0.89,281,-0.44,234,-1.19,306,-0.38,222,-1.45,332,2.23,27,19.28,349,15.05,312,18.41,236,17.98,216,24.52,37,24.02,88,18.75,350,24.54,243,30.26,12,22.91,8,3.47,338,19.52,339,24.38,177,23.57,42,19.61,54,12.88,229
2019,"Charleston",76.38,236,-0.21,198,0.18,146,-1.39,318,-0.8,258,0.01,172,-0.01,172,1.84,125,28.78,216,12.25,347,27.92,15,28.83,5,20,171,11,352,35.69,197,29.82,141,11.39,277,13.27,97,9.83,96,25.29,203,33.81,9,15.04,307,13.34,287,12.52,246
2019,"Charleston Southern",76.37,238,-1.15,297,-0.82,268,-0.61,253,0.08,154,0.23,158,-0.98,299,1.21,308,34.5,72,13.61,335,16.94,278,26.02,18,24.04,44,19.37,203,35.03,208,26.01,214,19.33,99,10.97,153,8.62,146,16,352,22.62,233,27.26,7,21.71,22,12.37,253
2019,"Charlotte",77.24,108,0.29,125,0.9,74,0.51,99,-0.26,211,0.63,120,0.6,88,1.08,327,32.87,114,16.77,261,16.78,281,23.85,45,29.69,4,12.89,343,44.69,51,23.88,255,12.77,251,6.8,288,11.8,44,21.98,296,25.37,144,19.67,150,16.28,157,16.67,66
2019,"Chattanooga",75.8,309,0.88,77,-0.79,265,-1.23,311,-1.94,338,-2.02,317,0.04,162,0.75,345,36.43,54,21.36,105,22.64,91,14.29,322,20.78,138,20.86,161,37.66,160,30.65,119,14.36,210,10.37,168,6.87,213,26.1,169,27.12,85,18.29,204,15.3,196,13.11,217
2019,"Chicago St.",76.79,171,-0.23,201,0.11,166,0.14,155,0.29,139,-0.47,232,-0.06,183,2.11,54,33.26,100,16.53,263,17.85,256,24.44,32,22.03,98,19.08,212,40.88,108,25.02,231,15.8,182,9.05,220,9.14,118,19.07,344,23.33,214,24.96,26,18.14,88,14.42,144
2019,"Cincinnati",76.86,161,0.97,74,0.01,181,0.2,127,0.79,84,-1.76,297,0.49,103,1.9,104,31.78,149,15.43,302,15.1,325,21.92,91,27.5,13,20,185,38.19,147,27.38,189,17.1,152,14.31,83,2.96,346,31.46,37,24.55,169,14.17,327,17.87,97,11.88,279
2019,"Clemson",77.98,37,0.05,153,1,64,0.99,69,1.06,56,2.67,10,0.53,96,2.19,31,25.84,285,23.24,66,14.28,334,14.65,316,18.52,229,29.3,16,42.29,85,20.63,296,20.12,87,7.89,252,9.03,124,30.6,51,16.13,347,19.25,165,14.24,252,19.77,22
2019,"Cleveland St.",76.75,181,-0.05,173,0.48,115,0.46,104,-1.17,305,-0.05,181,0.22,141,1.02,334,37.86,34,16.11,277,21.5,130,16.34,282,24.24,40,21.81,140,28.73,297,38.48,23,22.86,52,4.41,345,5.52,273,24.61,218,20.76,280,21.82,76,13.98,259,18.82,34
2019,"Coastal Carolina",77.12,128,-0.86,270,0.22,143,0.32,115,0.65,102,1.19,82,-0.32,217,1.63,195,38.99,24,18.21,212,25.94,31,14.7,315,18.6,225,22.54,117,40.27,115,27.43,187,8.47,334,15.21,58,8.56,151,23.62,252,30.12,27,17.56,235,16.28,156,12.39,250
2019,"Colgate",77.71,58,0.76,86,1.45,27,1.69,27,0.47,116,0.08,167,1.11,49,1.57,206,26.56,270,25.94,20,21.55,128,16.96,257,15.3,320,20.21,178,26.99,317,32.13,90,21,76,11.14,149,8.69,142,30.3,58,22.69,232,19.92,134,14.38,242,12.65,242
2019,"Colorado",77.22,111,0.32,124,0.37,128,1.31,43,0.07,155,-0.06,182,0.34,126,1.16,315,32.47,127,20.4,139,23.28,74,17.03,254,17.42,261,21.87,134,30.88,275,37.34,32,15.02,197,5.4,325,11.36,51,20.28,330,35.25,3,15.64,292,11.47,333,17.36,52
2019,"Colorado St.",76.41,229,1.57,32,-0.68,255,-0.22,205,-0.71,251,-2.01,316,0.45,109,1.55,217,24.31,313,25.13,31,16.86,280,19.83,162,22.48,89,15.62,307,64.53,1,13.46,341,11.04,288,5.98,311,4.89,297,41.06,1,15.87,348,13.31,335,14.75,222,14.94,124
2019,"Columbia",76.35,245,-0.39,227,-1.01,293,-0.18,194,-0.02,180,-0.77,258,-0.7,268,1.65,191,34.25,77,24.63,41,13.15,341,14.35,320,22.15,97,25.69,47,52.95,3,20.31,302,11.17,282,12.22,115,3.29,343,26.99,138,21.56,265,17.24,246,21.71,21,12.47,248
2019,"Connecticut",76.76,178,0.41,115,0.74,89,-1.35,316,-0.32,215,0.21,160,0.57,92,1.7,171,33.28,99,19.33,175,14.5,331,22.97,62,19.43,186,23.76,93,47.95,21,18.45,324,12.89,247,11.6,129,9.11,120,27.03,136,14,352,16.37,271,21.34,28,21.26,8
2019,"Coppin St.",77.26,106,-0.18,193,-0.31,217,1.2,48,0.91,73,0.56,127,-0.24,207,1.84,124,33.75,91,15.18,310,21.05,148,22.22,82,18.59,226,22.9,111,35.76,195,41.68,7,7.02,345,8.73,229,6.73,221,27.53,124,22.36,239,19.38,161,18.31,83,12.34,255
2019,"Cornell",76.8,169,-1.01,278,-0.19,205,0.55,96,-0.73,253,1.29,78,-0.6,252,2.14,47,31,164,24.86,36,15.92,307,11.19,351,12.72,350,35.31,4,20.71,345,24.99,233,32.46,4,14.32,81,7.51,195,20.13,332,23.54,205,20.69,100,15.39,193,20.24,16
2019,"Creighton",76.88,160,0.29,126,-1.82,340,-0.36,223,0.32,135,1.84,37,-0.77,275,1.33,284,26.91,258,25.12,32,15.47,318,21.38,114,19.05,201,18.95,216,41.89,94,24.84,235,11.27,279,11.3,142,10.67,79,29.07,77,22.23,242,17.39,240,15.31,195,15.96,81
2019,"Dartmouth",76.3,253,-1.25,303,-0.72,259,-0.81,283,-0.47,231,0.64,119,-0.99,300,1.43,259,29.88,195,23.9,54,19.5,194,18.58,199,19.39,188,18.63,228,45.14,42,32.39,84,9.27,320,9.46,203,3.75,330,26.82,142,24.35,179,15.21,303,19.61,55,14.01,168
2019,"Davidson",77.78,48,0.6,103,-1.11,302,0.2,127,2.06,12,3.03,6,-0.25,208,1.06,330,21.19,341,18.84,191,16.27,299,22.6,72,26.26,22,15.98,302,46.73,30,19.75,310,7.45,341,9.91,191,16.09,4,24.5,223,14.55,350,15.76,288,24.21,7,20.91,9
2019,"Dayton",76.79,172,-0.33,215,0.57,104,0.03,167,-0.94,271,0.53,129,0.12,151,1.36,278,21.49,340,28.25,6,21.39,131,15.81,294,15.52,317,19,213,33.66,234,29.33,153,29.61,15,3.2,352,4.17,319,24.82,215,22.57,235,24.12,35,12.37,315,16.09,79
2019,"DePaul",78.14,29,-0.01,160,1.66,14,1.2,48,2,15,1.73,43,0.82,71,2.03,76,24.85,303,21.57,100,23.21,75,21.65,105,21.22,120,12.35,348,36.11,188,34.75,49,7.92,340,12.22,116,9,128,23.2,265,28.1,65,15.67,291,18.16,87,14.87,129
2019,"Delaware",77.31,100,0.38,117,-0.44,227,-0.03,171,0.67,96,1.87,36,-0.03,178,1.62,197,24.98,301,26.94,13,16.87,279,15.55,297,15.83,312,24.76,71,43.45,67,24.01,251,13.15,238,14.17,85,5.14,292,40.32,2,19.25,313,15.29,301,12.67,305,12.39,251
2019,"Delaware St.",75.74,315,-1.37,314,-1.2,311,-0.63,256,-0.8,260,-1.41,286,-1.29,323,1.29,290,28.7,220,18.47,202,22.27,99,24.13,36,18.21,237,16.87,283,20.95,342,29.45,150,32.47,3,11.4,139,5.69,270,19.56,337,23.84,197,26.67,13,14.92,214,14.95,120
2019,"Denver",77.48,77,-0.5,235,0.46,120,0.67,87,0.63,103,2.06,31,-0.02,176,1.66,189,39.39,21,21.28,108,22.3,97,16.18,287,18.36,233,21.85,138,32.37,257,17.43,329,30.88,10,10.2,179,9.06,122,29,78,27.59,72,16.02,283,13.81,266,13.53,197
2019,"Detroit",76.64,199,-0.74,258,0.18,146,0.54,98,-1.36,315,0.46,136,-0.28,211,1.7,167,32.97,109,16.33,272,13.22,340,13.78,331,20.2,160,36.46,2,39.32,130,21.45,286,22.14,62,9.12,218,7.92,180,28.04,107,24.37,178,21.8,77,13.34,284,12.43,249
2019,"Drake",76.29,255,-0.16,186,-1.22,312,-0.78,267,-0.61,246,0.12,165,-0.69,266,1.7,173,29.54,202,25.49,28,19.42,196,19.05,180,16.03,307,19.96,187,42.54,83,35.58,45,6.36,348,9.91,190,5.49,275,31.75,34,25.83,122,11.76,349,15.7,180,14.88,128
2019,"Drexel",76.58,206,0.22,136,1.31,35,-1.43,321,-0.86,264,-0.43,230,0.77,76,1.51,227,22.7,325,20.87,117,21.21,140,16.88,263,18.15,240,22.82,114,28.23,303,44.76,2,8,339,13.03,103,5.9,260,27.16,131,31.58,15,9.43,352,16.79,135,14.96,119
2019,"Duke",78.75,9,1.27,45,0.79,81,2.2,12,3.74,1,1.62,48,1.03,56,0.69,347,28.51,228,13.99,326,17.64,260,30.78,2,26.61,19,10.97,353,33.01,245,12.3,347,32.19,5,13.44,94,9.03,125,19.76,335,19.31,312,26.75,12,21.5,24,12.67,241
2019,"Duquesne",75.88,302,-0.33,214,-0.95,286,-0.34,222,-0.91,267,-2.18,322,-0.64,256,0.7,346,32.67,122,19.6,165,23.35,72,19.77,164,16.45,291,20.83,162,30.09,284,35.65,44,21.41,70,7.24,272,5.61,272,28.14,101,27.56,74,17.85,218,13.36,283,13.1,219
2019,"East Carolina",76.62,200,-1.58,328,-0.94,285,0.2,127,0.59,106,0.75,108,-1.26,320,1.19,312,31.63,153,20.27,143,27.94,14,16.24,284,16.64,285,18.9,218,29.65,289,40.58,10,10.63,296,14.73,69,4.41,311,21.6,305,29.3,40,19.46,159,18.21,85,11.43,296
2019,"East Tennessee St.",76.5,218,1.19,51,-0.46,233,-0.91,294,-1.14,304,-0.27,208,0.37,122,1.43,252,33.47,96,17.77,228,19.1,207,23.9,44,19.4,187,19.78,192,37.36,164,35.68,43,11.44,274,8.15,246,7.3,201,29.23,72,34.28,5,14.28,324,11.25,340,10.89,315
2019,"Eastern Illinois",76.03,282,-0.21,197,-1.19,310,-0.39,225,-0.44,227,-1.71,296,-0.7,267,1.35,281,29.86,196,14.23,323,21.27,134,20.95,125,24.81,32,18.72,227,35.81,193,29.71,146,18.73,112,7.29,270,8.39,162,20.38,328,23.31,216,19.53,157,19.91,47,16.83,64
2019,"Eastern Kentucky",75.95,295,-0.13,184,0.32,139,-1.29,313,-0.94,271,-2.28,325,0.09,155,1.43,256,34.89,67,32.14,2,15.16,324,13.43,339,23.58,56,15.7,306,27.41,313,38.01,27,13.09,241,14.32,82,7.16,206,30.95,43,21.77,259,14.32,323,19.29,62,13.67,192
2019,"Eastern Michigan",78.08,32,1.63,27,2.69,2,2.64,6,-0.8,256,0.13,164,2.16,6,2.19,33,22.1,332,20.19,146,22.34,95,17.47,238,21.1,124,18.86,220,48.34,19,30.11,136,11.01,291,4.7,341,5.79,268,36.19,5,29.9,29,18.41,198,6.93,353,8.52,348
2019,"Eastern Washington",76.5,221,-1.25,302,-0.11,197,-0.59,252,0.52,113,-0.19,199,-0.68,264,1.72,162,42.85,6,25.12,33,21.68,121,14.4,318,21.32,115,17.4,272,52.53,4,22.94,265,11.13,284,8.38,236,4.93,296,28.77,86,31.36,18,14.26,325,15.87,175,9.67,334
2019,"Elon",77.22,114,0.2,139,0.03,178,-0.15,191,0.74,91,1.18,84,0.11,152,1.61,201,32.28,134,26.03,19,13.04,343,21.82,95,24.38,38,14.67,323,28.73,296,32.68,79,15.03,196,12.12,118,11.35,52,24.06,236,18.4,329,18.99,176,23.3,10,15.17,114
2019,"Evansville",76.55,210,-0.7,251,-0.48,236,0.2,127,0.95,71,-1.31,281,-0.59,250,1.67,181,32.38,131,18.68,199,20.15,173,23.95,41,16.46,290,20.74,164,35.95,191,20.59,298,15.65,185,12.4,110,15.34,9,22.21,287,26.31,111,19.16,169,17.02,131,15.28,109
2019,"FIU",75.97,292,-1.17,298,-0.82,268,0.25,123,-0.45,228,-2.06,319,-0.99,302,2.04,71,33.1,105,16.96,253,24.47,50,16.08,289,17.86,252,24.54,75,46.73,31,14.05,340,20.93,77,9.19,215,9.02,126,29.89,65,23.06,222,14.54,317,17.35,116,15.08,116
2019,"Fairfield",76.28,256,-0.72,254,-1,292,-1.58,329,-0.48,232,1.1,87,-0.86,285,1.3,288,33.14,102,23.02,70,22.06,107,15.98,291,20.98,129,17.96,249,39.51,126,36.59,35,10.96,292,5.64,319,7.3,200,30.83,46,24.33,180,15.56,296,11.57,328,17.7,46
2019,"Fairleigh Dickinson",76.14,275,-1.01,278,0.56,106,-1.19,309,-1.09,299,-0.66,252,-0.23,202,1.76,149,19.48,347,21.73,97,19.73,181,17.81,223,22.7,85,17.97,247,41.32,103,37.44,31,12.12,260,5.16,332,3.89,327,25.64,191,24.41,174,18.9,180,16.13,163,14.86,130
2019,"Florida",77.26,105,-0.14,185,-0.48,237,0.2,127,0.9,76,1.7,44,-0.31,215,1.37,275,32.79,120,17.61,236,22.72,90,18.41,204,17.74,256,23.48,99,44.82,47,21.08,289,22.36,58,5.93,313,5.75,269,23.72,249,19.88,302,25.95,16,14.89,217,15.52,98
2019,"Florida A&M",76.75,183,1.2,50,-0.63,249,-0.67,258,-0.72,252,0.46,136,0.29,132,1.71,165,32.85,117,18.46,203,15.02,326,17.66,230,21.34,114,27.52,30,36.24,182,24.12,248,22.07,63,10.74,159,6.82,215,29.45,69,24.02,189,21.9,73,13.42,282,11.21,305
2019,"Florida Atlantic",77.18,121,1.12,57,1.42,31,0.48,102,-0.97,290,-0.23,205,1.27,41,1.49,236,38.55,29,19.02,185,18.09,246,21.97,90,20.47,148,20.43,171,33.46,237,32.06,91,17.94,134,7.8,256,8.71,141,25.23,204,23.52,207,17.08,249,20.08,44,14.08,166
2019,"Florida Gulf Coast",76.79,173,0.07,150,-0.11,198,0.1,160,1.06,56,-1.27,279,-0.02,175,1.73,158,39.68,16,15.31,306,19.41,198,17.58,235,23.29,64,24.4,77,40.12,117,28.05,175,11.05,287,10.7,161,10.09,88,25.43,198,25.62,133,20.21,123,14.9,216,13.83,179
2019,"Florida St.",78.61,12,3.19,4,0.76,85,1.37,38,1.48,35,2.13,27,1.98,11,1.97,93,38.11,31,27.98,7,17.37,268,18.51,201,18.32,235,17.78,257,42.02,90,21.28,288,21.11,73,7.31,267,8.22,168,31.51,36,20.64,281,17.01,252,13.44,281,17.34,53
2019,"Fordham",75.9,299,-0.66,248,0.63,102,-0.21,202,-1.98,341,-2.39,330,-0.02,174,1.13,321,28.73,218,16.54,262,15.64,314,20.3,149,21.75,104,25.74,46,48.07,20,30.2,133,5.45,351,8.52,232,7.7,186,32.77,29,23.66,202,17.77,223,16.53,146,9.24,339
2019,"Fresno St.",76.5,217,-0.74,257,-0.8,267,-0.52,242,-0.35,219,0.82,103,-0.77,276,2.34,14,27.49,250,21.44,103,11.41,352,27.43,12,19.38,189,20.3,174,47.49,24,24.31,246,12.4,256,8.24,242,7.48,196,35.71,8,17.18,339,19.09,173,12.42,313,15.55,96
2019,"Furman",76.11,277,-1.01,278,0.65,99,0.83,77,-2.5,349,-1.54,290,-0.18,195,1.5,233,22.01,334,22.9,72,21.96,111,17.32,246,21.53,111,16.29,294,31.73,265,31.87,95,23.07,50,7.28,271,6.05,251,24.16,233,29.49,35,20.22,122,11.38,337,14.75,133
2019,"Gardner Webb",75.23,345,-3.01,353,-1.51,329,-0.89,291,-1.05,297,-1.47,288,-2.26,352,1.73,159,26.74,264,19.21,179,25.39,36,17.41,241,26.89,16,11.03,351,46.01,36,31.89,94,9.04,323,11.14,150,1.79,352,25.21,207,25.03,154,19.68,149,16.3,155,13.71,190
2019,"George Mason",75.58,322,-1.71,332,-0.97,291,-0.8,269,-0.95,288,-1.77,299,-1.34,329,1.59,204,34.28,76,16.4,267,21.85,114,22.07,88,18.75,216,20.91,158,36.21,183,40.3,11,8.93,327,11.33,141,3.2,344,22.09,291,20.41,287,26.34,14,21.94,19,9.19,341
2019,"George Washington",76.53,216,-0.59,240,-0.41,223,-0.49,238,-0.28,212,0.32,153,-0.5,241,1.29,293,30.75,174,19.83,156,24.53,48,20.31,147,18.09,242,17.24,277,36.4,179,14.25,339,28.68,17,15.16,59,5.51,274,26.8,144,19.07,317,19.55,155,17.63,107,16.95,62
2019,"Georgetown",77.4,90,0.75,87,0.92,72,1.57,31,-0.26,208,-0.07,184,0.83,70,1.41,263,35.14,65,26.73,14,15.94,305,18.81,189,16.44,292,22.04,128,28.18,304,25.51,222,30.87,11,10.15,181,5.23,289,26.8,143,20.95,277,27,8,12.88,299,12.33,256
2019,"Georgia",78.22,26,1.64,26,1.71,11,0.99,68,1.06,56,1.59,51,1.68,16,1.79,140,38.02,33,21.69,98,26.02,29,16.55,276,16.11,302,19.61,198,29.87,286,30.18,134,14.24,212,16.16,51,9.52,108,28.12,103,29.39,38,14.86,312,15.6,184,12.01,272
2019,"Georgia Southern",75.55,326,-1.03,294,-1.05,296,-0.8,269,-2.05,345,-1.43,287,-1.04,307,1.8,134,31.64,152,20.08,151,20.75,155,18.49,202,16.07,305,24.55,73,48.78,14,27.35,191,7.36,342,5.49,322,10.95,63,27.83,113,23.06,221,19.79,142,14.32,245,14.91,125
2019,"Georgia St.",76.57,208,-2.04,346,-1.67,335,-0.39,227,0.36,131,2.46,17,-1.85,347,2.21,29,22.39,328,16.2,274,16.41,293,20.54,135,19.94,172,26.9,32,27.7,308,12.53,346,31.47,7,16.31,48,11.97,37,23.35,261,23.42,210,20.69,99,11.68,325,20.84,10
2019,"Georgia Tech",77.48,79,-0.01,160,1.61,17,0.5,100,1.23,46,-0.03,177,0.8,74,1.23,305,33.79,90,21.76,96,20.3,166,18.91,186,17.98,246,21.03,155,33.5,236,41.18,9,6.8,347,7.84,253,10.66,80,26.28,162,25.68,130,15.62,294,16.32,154,16.06,80
2019,"Gonzaga",78.22,25,0.13,145,1.13,59,1.54,32,1.74,26,2.46,17,0.63,85,1.9,106,23.35,320,24.15,50,28,12,12.4,348,20.47,147,14.96,321,41.08,107,26.18,211,16.85,158,9.64,200,6.23,243,26.79,145,25.15,145,20.51,108,16.12,164,11.4,297
2019,"Grambling St.",77.66,63,1.63,28,1.08,60,1.93,18,0.09,153,-0.54,237,1.35,30,2.07,61,37.8,35,17.37,242,20.68,156,22.57,75,16.86,275,22.52,118,26.74,321,33.45,71,18.83,109,10.28,175,10.69,77,22.78,273,24.12,187,21.63,81,17.2,123,14.24,156
2019,"Grand Canyon",78.51,17,0.99,66,1.62,15,1.86,20,2.22,8,1.76,42,1.3,38,1.92,100,37.08,44,23.32,63,17.56,262,14.92,311,20.73,141,23.45,101,28.58,299,17.25,330,21.86,66,18.28,29,14,17,20.74,322,19.37,310,20.78,98,25.74,3,13.34,207
2019,"Green Bay",77.22,116,-0.95,274,-0.79,264,1.14,61,1.11,54,1.46,56,-0.87,286,1.91,103,31.98,142,17.78,227,18.92,214,24.85,30,16.33,295,22.08,125,33.18,243,33.48,69,9.64,314,15.12,61,8.51,157,24.44,224,20.11,295,28.5,5,13.6,273,13.3,210
2019,"Hampton",76.19,271,-1.01,277,-0.82,268,-0.1,185,-0.8,259,-0.43,229,-0.91,293,2.43,9,25.88,283,16.38,268,15.77,312,12.71,342,21.43,112,33.64,6,39.47,127,20.88,290,23.07,49,6.22,305,10.28,82,26.44,156,24.94,156,14.33,322,19.47,57,14.73,135
2019,"Hartford",75.92,296,-1.01,278,0.39,127,-0.59,250,-0.81,261,-2.46,333,-0.31,216,2.89,1,15.27,353,24.41,47,18.33,241,17.59,234,16.66,284,22.96,109,36.41,178,33.31,72,9.91,308,10.77,157,9.52,107,28.2,97,23.93,193,12.68,346,19.78,49,15.35,107
2019,"Harvard",77.61,67,0.97,73,1.15,57,1.13,62,0.44,121,0.26,156,1.06,53,1.45,250,40.83,10,19.57,167,19.63,188,20.88,128,15.7,314,24.15,82,26.32,326,27.52,186,22.7,54,16.64,43,6.74,220,28.45,93,19.91,300,22.02,70,18.58,76,10.96,314
2019,"Hawaii",76.66,198,1.04,64,1,65,-1.08,304,0.06,156,-1.83,303,1.02,59,2.02,80,27.43,252,20.74,122,22,110,18.67,194,18.75,217,19.78,193,20.7,346,37.09,34,13.96,218,18.53,27,9.68,103,28.12,102,23.95,192,20.1,126,16.15,159,11.61,291
2019,"High Point",75.77,312,-1.72,333,-1.7,336,-0.65,257,-0.26,207,-0.92,268,-1.71,343,1.88,112,30.9,169,17.51,241,22.01,109,19.43,175,28.25,11,12.8,345,44.32,54,20.72,294,22.56,56,6.99,284,5.4,281,25.91,177,23.04,223,20.43,113,14.88,218,15.75,88
2019,"Hofstra",76.18,272,0.26,131,-1.13,304,-0.71,265,-1.3,311,-0.35,220,-0.43,233,2.44,8,22.98,324,13.75,332,15.89,308,25.55,22,28.29,10,16.46,291,45.11,43,28.06,174,16.29,169,5.82,314,4.62,304,34.79,17,20.09,296,16.89,257,15.93,173,12.22,259
2019,"Holy Cross",75.86,304,-0.53,237,-0.24,213,0.38,109,-1.92,337,-2.46,332,-0.39,226,1.64,192,17.32,351,22.92,71,24.32,52,22.22,81,12.78,349,17.76,260,28.32,301,23.21,261,22.27,60,17.67,35,8.54,156,28.17,99,25.48,138,18.49,194,13.63,271,14.23,157
2019,"Houston",76.18,273,-0.74,256,-1.27,317,-0.55,246,-1.12,302,0.46,136,-1.01,305,1.78,145,32.37,132,17.65,235,22.25,102,18.3,209,17.76,255,24.03,86,46.41,32,18.78,318,17.87,136,9.26,212,7.69,187,24.23,232,23.9,195,21.06,94,18.84,70,11.97,274
2019,"Houston Baptist",76.1,278,-0.11,182,-1.7,337,-0.87,290,-0.94,271,0.04,169,-0.91,290,1.7,170,37.43,38,21.51,101,15.78,311,25.84,20,15.95,310,20.9,159,22.21,338,34.94,47,19.18,102,11.71,126,11.93,39,18.55,346,19.15,316,26.93,9,20.61,35,14.74,134
2019,"Howard",77.57,70,-0.34,218,0.74,88,1.2,48,1.47,36,0.65,118,0.2,142,1.16,314,26.16,279,11.01,352,12.27,348,28.03,7,17.99,245,30.7,13,38.72,137,25.43,224,8.27,337,19.15,22,8.43,159,27.76,118,26.01,119,11.38,350,18.66,73,16.19,75
2019,"IUPUI",76.95,147,0.77,85,0.01,182,-0.13,188,-0.55,237,0.52,132,0.39,119,2.05,69,31.21,160,18.96,188,18.62,228,20.96,124,19.56,181,21.87,133,35.18,204,32.34,86,17.51,145,8.52,233,6.4,234,29.17,73,26.38,106,18.63,188,14.43,238,11.34,299
2019,"Idaho",76.91,155,-0.1,179,0.01,183,-0.83,284,-0.08,183,1.46,56,-0.05,180,0.66,349,38.8,25,16.89,257,19.72,182,15.49,299,23.46,59,24.44,76,43.33,69,30.54,124,10.15,304,10.16,180,5.83,264,23.92,243,26.09,116,18.03,211,12.74,300,19.21,28
2019,"Idaho St.",76.93,151,0.02,158,-0.46,232,0.76,81,0.68,95,-0.42,227,-0.22,200,2.02,81,30.7,175,21.83,92,17.41,265,14.5,317,22.98,77,23.29,105,42.58,81,39.81,15,6.34,349,4.94,337,6.33,236,35.19,13,25.53,137,14.68,314,12.23,317,12.38,252
2019,"Illinois",76.76,176,0.15,142,-1.35,321,0.2,127,-0.01,179,0.71,111,-0.6,251,1.19,309,31.08,162,22.64,78,17.54,263,21.52,108,14.57,335,23.67,95,39.51,125,25.16,228,13.58,229,15.44,56,6.24,242,20.81,321,22.36,240,21.88,75,20.66,33,14.21,158
2019,"Illinois Chicago",76.56,209,-0.78,263,0.99,67,-0.22,203,-0.21,201,-1.1,272,0.1,154,1.67,180,26.38,273,15.66,294,17.87,255,18.14,212,24.83,29,23.45,102,29.39,291,36.3,40,13.58,227,9.48,202,11.18,57,18.49,347,25.44,141,22.24,64,19.72,50,14.03,167
2019,"Illinois St.",76.94,148,-0.11,181,-0.82,268,0.91,74,0.65,101,-0.01,176,-0.46,237,2.27,25,32.02,141,27.88,9,11.06,353,27.88,8,16.41,293,16.77,286,51.58,6,22.51,274,17.17,151,5.43,323,3.32,342,21,315,24.87,157,28.73,3,14.65,229,10.74,321
2019,"Incarnate Word",75.49,332,-2.01,340,-1.15,307,-1.32,314,-0.6,242,-1.59,291,-1.58,337,0.79,343,39.76,15,24.6,43,28.17,11,19.03,182,15.02,325,13.17,341,20.73,344,29.81,142,18.64,116,19.19,21,11.61,48,22.42,280,25.06,151,17.31,241,20.59,37,14.6,140
2019,"Indiana",77.72,56,0.07,149,0.48,116,1.31,44,1.44,37,1.22,81,0.28,133,1.33,285,28.65,222,23.67,56,20.59,158,20.68,132,18.81,210,16.25,296,34.62,214,34.04,61,18.94,106,7.21,274,5.19,290,26.76,146,22.17,244,20.24,120,13.19,291,17.64,48
2019,"Indiana St.",76.28,258,-0.59,241,-0.33,219,-0.26,211,-0.58,240,-0.94,269,-0.46,238,1.66,184,33.87,88,20.65,128,12.68,346,17.4,243,23.14,69,26.13,41,33.24,241,22.09,278,16.38,168,17.58,36,10.71,73,24.55,220,17.39,336,23.57,41,15.77,178,18.73,35
2019,"Iona",76.85,163,0.6,101,0.43,122,0.5,101,-0.47,230,-0.92,267,0.52,99,2.02,78,23.56,318,21.2,109,16.77,282,22.53,78,20.26,159,19.21,209,31.52,267,28.57,168,16.61,164,13.37,95,9.86,95,35.11,15,18.49,327,17.78,222,16.66,141,11.91,278
2019,"Iowa",78.36,21,1.03,65,1.44,29,1.66,29,2.21,9,1.34,77,1.23,43,1.53,219,33.22,101,25.23,30,19.59,190,19.36,177,16.39,294,19.36,206,32.8,250,23.99,252,24.09,44,12.41,109,6.62,225,23.71,250,25.66,131,25.46,20,13.75,268,11.32,300
2019,"Iowa St.",77.68,61,0.14,143,-0.66,253,0.31,118,1.91,18,2.59,13,-0.26,209,1.5,228,22.01,335,21.94,90,26.28,23,12.55,344,15.08,323,24.08,84,41.11,106,23.36,258,11.98,262,10.28,174,13.17,24,23.16,267,17.28,338,13.97,329,21.01,32,24.5,2
2019,"Jackson St.",75.57,323,-2.01,340,-0.49,238,-0.31,219,-0.91,266,-2.55,336,-1.25,318,2.07,63,33.34,98,19.51,169,22.23,104,23.44,51,21.23,118,13.59,337,29.35,292,29.21,156,26.8,25,10.13,182,4.51,308,23.17,266,21.23,273,25.71,19,16.14,161,13.76,187
2019,"Jacksonville",75.69,319,-1.43,318,-0.85,279,-0.31,217,-1,293,-2.04,318,-1.14,313,1.5,231,31.86,147,20.33,140,23.95,59,19.56,171,23.72,53,12.41,347,36.16,186,29.55,148,17.63,142,12.31,113,4.28,313,26.11,168,20.05,297,20.09,128,25.01,4,8.68,347
2019,"Jacksonville St.",75.98,290,-1.24,301,-0.1,196,-1.79,338,-1.03,295,-0.04,180,-0.67,260,2.58,3,31.32,158,15.43,301,26.6,21,22.81,67,17.19,267,17.93,251,38.02,149,33.12,75,16.17,173,8.64,230,3.97,325,21.82,300,30.66,24,18.61,189,13.48,279,15.39,103
2019,"James Madison",77.65,64,-0.75,261,-0.18,204,0.2,127,1.42,38,3.46,3,-0.46,239,1.32,287,21.01,342,16.35,271,16.4,294,24.02,38,16.89,274,26.34,35,41.69,99,27.89,181,11.03,289,10.28,173,9.11,121,28.61,89,23.87,196,19.13,170,12.62,307,15.77,87
2019,"Kansas",77.5,76,0.65,94,0.36,129,0.2,127,1.68,29,0.48,134,0.51,101,1.09,323,30.83,171,28.99,5,18.58,229,17.63,231,17.63,259,17.07,280,43.95,60,29.15,158,11.63,269,7.61,258,7.56,193,33.68,24,25.06,152,15.63,293,12.72,301,12.82,231
2019,"Kansas St.",76.68,195,0.6,100,-0.27,214,-0.79,268,-0.14,191,-0.09,186,0.17,143,2.17,39,28.44,230,23.02,69,17.83,257,17.2,248,23.44,60,18.47,230,35.43,201,32.51,83,15.93,180,8.02,249,8.08,172,23.93,242,25.44,140,19.85,137,17.35,115,13.38,203
2019,"Kennesaw St.",77.48,78,-0.32,212,1.17,55,1.36,40,1.2,50,-0.11,189,0.42,113,1.76,150,33.06,107,16.47,264,15.8,310,10.78,353,24.81,33,32.1,9,25.25,328,31.73,96,27.17,23,6.89,287,8.88,132,20.98,316,24.19,184,20.55,106,14.99,211,19.21,29
2019,"Kent St.",75.89,300,-0.57,238,-0.79,266,-0.96,297,-1.8,331,-0.54,237,-0.68,262,2.2,30,30.07,185,20.2,145,15.47,319,21.9,93,23,76,19.42,202,42.81,78,21.48,285,15.07,194,8.97,222,11.63,47,31.51,35,22.75,230,16.51,267,13.97,260,15.23,111
2019,"Kentucky",78.05,34,0.64,96,1.17,56,0.96,71,1.31,43,2.07,30,0.9,65,0.59,351,28.58,225,17.11,250,25.17,39,23.12,59,19.04,203,15.55,309,44.43,53,32.6,81,13.97,217,3.02,353,5.98,255,24.39,225,26.52,99,21.96,72,16.59,143,10.54,326
2019,"LIU Brooklyn",76.21,268,-0.18,194,0.5,114,-0.2,200,-2.61,351,-0.54,237,0.16,144,2,87,20.5,345,20.72,124,17.08,275,28.1,6,17.71,257,16.34,293,24.71,330,33.85,64,23.63,46,8.2,244,9.56,106,24.6,219,23.68,200,21.07,93,18.53,77,12.07,266
2019,"LSU",77.18,122,1.5,34,-0.17,200,-0.23,206,1.06,56,-0.38,223,0.67,80,1.09,324,29.65,200,21.91,91,19.06,209,16.76,270,20.15,163,22.05,127,36.44,177,41.29,8,13.72,222,4.43,344,4.02,323,29.48,68,25.84,121,16.31,272,14.97,213,13.31,209
2019,"La Salle",76.33,247,-0.2,196,0.23,142,-0.84,285,-1.41,316,-0.21,202,0.01,166,1.47,243,36.93,46,17.6,237,20.55,160,20.65,133,17.17,268,23.97,90,36.72,174,42.55,5,7.35,343,6.44,298,6.87,214,21.68,303,25.74,126,17.76,224,16.36,153,18.39,37
2019,"Lafayette",76.75,182,-0.74,259,0.17,157,-0.2,198,-0.05,182,0.46,136,-0.29,213,1.29,289,39.57,19,13.09,341,19.04,210,20.87,129,23.23,65,23.77,92,34.3,219,27.27,193,15.47,186,12.23,114,10.74,72,28.58,90,25.54,136,18.42,197,13.85,264,13.61,195
2019,"Lamar",75.85,306,-1.01,293,-0.59,244,-0.29,214,-1.48,324,-1.49,289,-0.8,278,2.13,48,36.16,56,21.33,106,20.2,170,12.45,346,20.53,146,25.43,52,33.4,239,37.52,30,15.81,181,8.87,224,4.31,312,24.84,214,29.89,30,20.48,110,10.38,348,14.34,151
2019,"Lehigh",77.06,136,0.48,111,0.71,92,-0.96,298,-0.51,233,1.46,56,0.59,89,1.75,154,27.64,248,19.71,160,19.14,205,16.16,288,23.42,63,21.55,143,47.36,25,20.57,299,9.86,310,8.06,247,14.1,16,28.92,80,23.45,209,17.88,215,15.83,176,13.88,176
2019,"Liberty",75.75,314,-1.74,334,-1.26,316,-0.43,231,-0.25,206,-1.67,295,-1.5,334,1.85,121,31.31,159,24.47,46,21.6,125,16.94,259,19.24,196,17.68,263,50.97,9,20.64,295,13.05,242,8.33,240,6.93,211,32.33,32,24.24,183,12.61,347,16.57,145,14.18,161
2019,"Lipscomb",76.39,235,-0.71,252,-0.06,191,0.05,163,0.33,132,-1.78,300,-0.39,227,2.12,49,34.81,68,19.2,180,25.18,38,27.87,9,12.23,352,15.46,311,43.46,65,27.7,183,12.31,258,6.79,289,9.64,104,34.6,19,17.12,341,20.58,104,13.5,278,14.13,164
2019,"Little Rock",76.22,266,0.22,135,1.04,62,0.18,150,-1.46,320,-2.98,343,0.63,84,1.08,326,35.45,62,19.48,170,17.27,273,28.96,3,16.73,280,17.54,270,35.77,194,38.98,20,11.95,263,6.98,285,6.29,238,20.96,317,21.76,261,24.91,27,16.52,147,15.82,84
2019,"Long Beach St.",77.38,95,-0.37,223,0.36,130,0.69,85,0.63,104,1.49,55,0,170,2.37,11,35.41,63,15.45,300,22.82,85,18.67,196,18.74,218,24.3,79,27.98,306,39.79,16,12.85,248,14.51,74,4.82,298,22.05,293,31.02,20,17.58,233,17.6,108,11.7,285
2019,"Longwood",76.61,201,-1.01,278,0.55,109,0.16,154,-0.62,247,-0.11,188,-0.23,204,2.05,70,38.08,32,13.87,328,14.72,329,25.31,26,20.77,139,25.25,57,47.36,26,28.61,167,12.27,259,8.02,248,3.64,333,20.69,323,24.8,161,19.87,135,14.32,246,20.24,17
2019,"Louisiana",75.71,317,-1.45,320,-0.82,268,-1.44,322,-0.94,271,-0.91,266,-1.13,312,2.12,52,29.41,208,29.66,4,20.77,154,17.01,255,17.47,260,15.1,316,35.16,206,30.66,118,16.11,175,13.31,96,4.76,302,28.43,94,23.93,194,18.33,201,14.91,215,14.41,146
2019,"Louisiana Monroe",76.2,270,-1.55,326,-1.08,301,-0.8,269,-0.35,218,0.67,115,-1.32,328,2.27,24,20.87,343,12.79,342,18.39,237,16.92,260,20.92,132,30.93,12,47.84,23,27.09,196,8.51,332,6.71,290,9.76,97,23.35,260,26.32,109,17.84,220,14.28,248,18.14,40
2019,"Louisiana Tech",76.35,244,-1.3,309,0.07,171,-0.47,236,0.06,156,-0.7,254,-0.61,254,1.53,222,28.32,232,14.24,322,20.98,150,19.62,169,18.8,212,26.33,36,35.66,198,27.03,197,15.46,187,9.25,213,12.54,29,22.71,274,26.98,90,21.1,91,16.06,166,13.11,218
2019,"Louisville",76.74,187,1.24,48,-0.07,192,-0.16,192,-0.94,271,-0.5,233,0.58,91,1.92,99,32.94,111,24.75,39,25.62,33,17.27,247,17.31,265,14.98,319,41.54,100,21.72,282,28.34,18,4.14,347,4.18,318,31.29,40,29.16,43,21.24,88,9.77,349,8.45,349
2019,"Loyola Chicago",76.67,197,-0.27,208,-0.84,278,-0.8,269,0.37,129,0.78,104,-0.55,245,1.57,211,27.88,241,27.32,12,14.97,327,20.23,152,17.88,250,19.58,199,45.74,37,29.11,160,9.02,324,7.78,257,8.33,164,36.15,7,22.07,247,18.98,177,14.98,212,7.77,352
2019,"Loyola MD",75.78,311,-1.01,278,-2.31,351,-0.8,269,0.16,147,-1.25,277,-1.66,339,1.39,269,31.95,144,18.78,195,11.44,351,19.64,168,31.25,1,18.89,219,41.75,98,20.03,307,14.28,211,16.65,42,7.29,202,30.62,50,21.9,255,17.85,217,19.08,66,10.55,325
2019,"Loyola Marymount",77.55,74,4.11,2,-0.08,193,0.04,166,-0.94,271,0.52,130,2.02,9,1.71,164,32.22,136,21.76,95,18.06,247,16.85,266,15.69,316,27.6,28,33.69,233,22.6,272,24.31,43,10.46,165,8.9,129,27.6,123,22.83,228,22.64,57,13.82,265,13.07,220
2019,"Maine",76.86,162,-1.01,278,0.55,108,1.19,58,1.35,42,-1.91,310,-0.23,203,1.68,176,26.52,271,18.05,216,17.39,267,25.85,19,24.1,43,14.55,326,37.04,166,23.66,256,17.92,135,10.22,178,11.08,58,22.21,288,21.43,268,22.77,53,22.34,16,11.17,307
2019,"Manhattan",76.4,234,-0.6,243,0.18,146,0.05,165,-1.2,307,-0.54,237,-0.21,199,1.02,335,44.61,3,26.65,15,22.04,108,16.19,286,16.67,283,18.44,231,36.75,173,23.96,254,21.9,65,10.5,164,6.88,212,23.24,263,24.62,165,25.89,17,15.11,201,11.13,309
2019,"Marist",76.28,257,-0.49,234,-1.17,309,-0.9,292,0.06,156,-0.2,200,-0.83,282,1.88,113,37.15,42,17.95,218,24.01,57,18.42,203,19.12,198,20.5,170,39.57,123,7.93,353,27.55,20,18.94,24,5.97,256,23.52,255,18.07,334,22.64,58,21.98,18,13.78,183
2019,"Marquette",77.83,41,0.11,146,1.53,24,2.68,5,1.63,32,-0.88,264,0.82,72,1.55,215,27.32,253,14.77,315,17.64,261,20.25,151,13.38,342,33.96,5,32.58,252,19.52,314,31.54,6,10.22,177,6.15,247,22.18,289,19.74,306,26.82,11,14.66,226,16.6,67
2019,"Marshall",76.37,237,-0.09,178,-1.26,315,-0.8,269,0.41,127,-0.53,236,-0.67,261,1.79,141,25.65,287,17.66,233,19.26,201,21.48,112,27.2,15,14.38,328,31.11,271,37.55,29,17.78,138,6.69,291,6.82,216,25.5,196,19.17,315,21.07,92,19.28,63,14.94,123
2019,"Maryland",77.79,46,0.99,66,1.56,20,0.58,92,1.84,20,-0.12,191,1.27,39,0.64,350,25.61,288,24.37,48,18.01,251,17.4,242,16.08,304,24.1,83,41.92,93,33,77,17.07,153,3.46,350,4.51,309,28.17,100,30.75,23,13.06,338,13.61,272,14.38,150
2019,"Maryland Eastern Shore",75.53,330,-1.69,331,-0.89,282,-2,341,-1.82,332,-0.03,178,-1.29,324,1.94,97,36.43,53,25.88,22,18.26,243,21.77,100,15.98,309,18.05,244,26.64,324,36.55,37,10.39,300,11.93,125,14.45,14,19.29,341,24.38,176,16.69,263,21.66,23,17.93,41
2019,"Massachusetts",76.3,250,0.67,90,-0.75,262,-0.8,269,-0.87,265,-0.82,260,-0.04,179,1.41,264,40.51,13,20.71,125,19.19,204,20.19,153,15,326,24.92,68,50,12,22.68,271,8.08,338,12.44,108,6.8,218,26,173,24.85,158,14.47,319,13.34,285,21.34,7
2019,"McNeese St.",76.27,259,-0.23,202,-1.4,323,-1.64,333,-0.94,271,1.46,56,-0.82,280,2.32,18,33.06,106,26.55,16,22.33,96,16.51,279,13.59,340,20.93,157,44.02,57,38.32,24,10.49,298,3.37,351,3.68,332,25.91,179,29.48,36,15.4,299,16.05,167,13.07,221
2019,"Memphis",75.73,316,-0.33,216,-0.08,194,-0.56,247,-1.27,308,-3.19,345,-0.21,197,2.01,85,32.19,137,20.87,118,18.38,238,22.34,80,20.63,144,17.76,259,31.3,270,25.42,225,20.06,89,14.46,75,8.74,136,25.7,188,26.65,95,20.2,124,15.57,185,11.85,280
2019,"Mercer",76.75,180,0.18,140,-2.02,345,-0.8,269,0.43,124,1.88,35,-0.92,295,1.78,146,28.84,215,16.35,270,14.33,333,20.63,134,23.08,72,25.56,50,48.69,15,11.91,348,18.97,105,14.45,76,5.87,262,25.09,209,16.4,345,23.43,47,18.85,69,16.16,76
2019,"Miami FL",76.21,269,0.99,66,1.22,41,-0.03,170,-0.61,245,-4.62,353,1.1,50,2.04,72,19.43,348,15.69,292,21.38,132,16.52,278,20.78,137,25.57,49,39.21,132,32.17,88,12.85,249,9.86,194,5.81,266,22.3,286,30.77,22,18.52,192,16.15,160,12.18,261
2019,"Miami OH",76.58,207,-0.83,268,-0.12,199,0.11,157,0.84,80,-1.21,276,-0.47,240,1.5,229,32.22,135,16.43,265,21.62,123,17.13,251,26.26,21,18.53,229,39.53,124,24.03,250,13.82,220,10.72,160,11.88,40,21.87,299,22.97,224,23.52,43,19.99,45,11.62,290
2019,"Michigan",77.73,55,2.48,11,0.18,146,1.18,60,1.15,52,-0.44,231,1.33,32,1.49,235,17.62,350,19.12,183,25.03,43,22.49,79,18.78,213,14.53,327,38.13,148,23.1,262,26.37,28,4.49,342,7.85,182,26.33,158,22.89,226,17.57,234,12.49,311,20.69,12
2019,"Michigan St.",77.55,73,-0.51,236,0.39,126,1.29,45,2.08,11,0.41,150,-0.06,185,1.81,132,33.01,108,25.93,21,15.59,316,13.49,337,18.89,209,26.04,42,36.92,169,30.93,114,17.26,150,10.76,158,4.03,322,29.08,76,29.27,41,17.71,226,12.6,308,11.24,304
2019,"Middle Tennessee",76.47,224,-0.63,244,-0.45,228,-0.43,230,-0.94,271,0.67,114,-0.54,244,1.55,214,24.75,307,16.04,280,22.51,92,13.69,333,24.81,31,22.88,112,33.23,242,40.05,13,16.12,174,5,335,5.48,276,23.89,244,19.35,311,20.34,116,17.27,118,19.08,30
2019,"Milwaukee",77.07,134,-1.01,278,1.18,43,0.98,70,0.21,144,-0.13,192,0.09,156,2.07,64,30.82,172,21.82,93,22.81,86,15.91,292,20.03,170,19.42,201,44.87,46,22.19,276,18.86,108,5.36,326,8.72,138,26.05,171,30.05,28,17.07,251,12.14,319,14.69,136
2019,"Minnesota",78.49,19,1.18,53,1.05,61,1.92,19,1.74,27,2.46,23,1.11,48,1.7,168,25.43,291,20.94,115,24.29,53,22.6,71,14.64,333,17.52,271,34.55,215,10.99,350,41.44,1,5.41,324,7.61,191,28.38,95,14.43,351,36.47,1,11.02,343,9.71,333
2019,"Mississippi",76.89,157,0.86,79,0.18,146,-0.25,210,-0.93,270,0.5,133,0.52,97,1.66,183,28.47,229,18.6,201,16.6,289,23.98,39,18.35,234,22.4,120,32.78,251,24.64,238,21.27,72,11.19,145,10.03,90,22.92,270,19.75,305,25.08,23,17.93,94,14.24,155
2019,"Mississippi St.",77.67,62,1.55,33,2.5,3,-0.2,201,0.44,120,-0.03,179,2.02,8,1.67,182,30.96,166,15.36,305,18.98,213,21.78,98,24.75,34,19.12,211,36.52,176,34.5,53,10.2,303,12.96,104,5.82,265,25.65,190,29.44,37,17.26,243,17.5,110,10.16,329
2019,"Mississippi Valley St.",75.54,327,0.09,148,-2.1,347,-1.64,332,-0.94,271,-1.81,302,-1,304,2.35,12,40.85,9,17.03,252,18.53,232,22.14,85,24.98,28,17.28,274,47.14,28,21.96,279,9.73,313,10.31,171,10.82,68,35.41,10,20.56,283,16.06,282,14.17,254,13.76,185
2019,"Missouri",77.54,75,0.99,66,0.65,100,-0.08,180,0.55,111,1.46,56,0.82,73,1.34,282,36.58,50,19.63,164,16.38,297,19.85,160,19.72,175,24.37,78,36.12,187,25.28,227,8.51,333,17.78,34,12.23,33,23.61,253,23.75,198,16.54,266,16.65,142,19.38,25
2019,"Missouri St.",77.42,87,-0.37,224,-0.18,203,-0.13,187,1.06,56,2.64,12,-0.28,210,2.27,26,24.32,312,15.93,284,23.53,69,22.9,63,21.61,107,16.03,301,21.65,341,44.93,1,14.18,214,7.96,251,11.27,55,22.31,284,28.5,56,20.53,107,14.32,244,14.33,153
2019,"Monmouth",77.09,130,-0.1,180,0.12,164,-0.31,218,0.06,156,1.58,52,0.01,168,1.46,248,39.3,23,20.59,132,18.02,250,25.28,27,22.23,93,13.88,335,43.18,72,23.97,253,7.34,344,17.8,32,7.71,185,25.47,197,20.78,279,12.98,339,17.4,112,23.37,3
2019,"Montana",76.3,254,-1.29,307,-0.46,234,-0.51,241,-0.94,271,0.57,126,-0.87,287,2.48,5,27.03,255,21.3,107,14.19,335,23.91,42,18.73,219,21.83,139,31.92,261,19.07,316,16.8,159,21.96,10,10.21,85,24.08,234,23.1,220,17.25,244,18.25,84,17.28,55
2019,"Montana St.",76.91,154,0.46,114,-0.57,243,0.25,122,0.47,117,-0.15,196,-0.06,184,2.11,53,27.92,238,14.48,319,17.69,258,24.19,35,22.91,80,20.67,165,38.46,143,26.56,207,13.59,226,10.31,170,11.01,59,25.68,189,27.09,86,13.37,334,16.13,162,17.66,47
2019,"Morehead St.",75.6,321,-2.01,340,-0.62,248,-0.95,296,-1.98,342,-0.54,237,-1.31,327,1.78,143,26.58,269,21.03,113,19.97,176,15.6,296,17.78,254,25.6,48,36.1,189,29.9,138,12.38,257,9.36,208,12.21,34,32.07,33,25.72,127,14.97,309,13.56,275,13.64,193
2019,"Morgan St.",74.95,349,-1.51,324,-2.08,346,-2.42,347,-2,344,-1.33,282,-1.79,346,1.57,208,37.22,40,17.76,229,25.07,41,22.73,68,21.15,122,13.26,340,31.5,268,30.62,120,22.28,59,7.12,277,8.41,160,29.36,70,32.03,12,17.46,239,11.21,341,9.88,332
2019,"Mount St. Mary's",75.54,328,-0.46,233,-0.03,189,-0.92,295,-1.5,325,-3.5,351,-0.24,206,0.4,352,25.85,284,19.66,161,17.37,269,20.45,137,24.83,30,17.62,266,52.49,5,21.65,283,10.85,294,7.83,254,7.08,207,25.74,186,22.02,250,19.86,136,17.87,98,14.42,145
2019,"Murray St.",77.23,110,-0.58,239,0.33,135,-0.05,172,0.06,156,2.26,26,-0.12,189,1.5,234,26.64,268,13.68,334,18.66,226,17.15,249,21.58,109,28.89,17,30.99,272,36.59,36,8.39,335,12.16,117,11.84,41,21.81,301,28.64,52,17,254,15.12,200,17.38,51
2019,"NJIT",75.56,324,0.89,76,0.03,177,-2.28,345,-1.66,330,-3.31,347,0.46,107,1.17,313,25.28,295,20.53,135,16.77,283,19.51,174,17.42,262,25.79,44,42.75,79,27.36,190,16.04,176,4.12,348,9.73,98,30.36,56,24.76,162,15.2,304,11.53,331,18.15,39
2019,"Navy",76.06,280,-1.43,319,0.11,167,-0.84,286,-1.33,314,-0.29,214,-0.66,259,1.46,247,32.39,130,20.19,147,23.84,61,17.82,221,18.01,244,20.14,181,43.95,59,22.88,266,18.91,107,8.16,245,6.1,250,21.32,309,23.13,219,25.72,18,12.65,306,17.19,58
2019,"Nebraska",77.22,115,0.04,156,1,63,1.2,48,0.14,149,-0.38,224,0.52,98,2.15,45,25.27,296,17.98,217,17.66,259,21.9,92,22.18,94,20.28,176,34.87,210,31.63,98,18.24,127,9.38,206,5.87,263,20.37,329,27.19,82,20.62,103,14.57,232,17.25,56
2019,"Nebraska Omaha",76.73,188,-0.73,255,1.18,43,0.21,125,-0.57,239,-0.54,237,0.23,140,2,88,20.74,344,17.15,249,21.19,143,25.79,21,19.04,202,16.78,285,43.48,64,29.17,157,14.75,204,6.26,304,6.25,241,27.14,133,29.27,42,17.55,236,13.95,262,12.02,269
2019,"Nevada",78.11,31,1.05,63,0.51,112,2.2,12,3.74,2,-1.06,271,0.78,75,2.68,2,21.73,336,17.58,238,23.74,65,18.62,197,23.22,66,16.79,284,33.01,244,18.07,326,13.68,223,30.38,1,4.8,299,26.24,165,20.35,289,15.78,287,28.4,1,9.16,342
2019,"New Hampshire",76.02,287,-1.34,312,-1.16,308,-0.19,197,-0.94,287,-0.36,221,-1.25,319,1.48,240,39.88,14,20.63,130,17.32,271,20.33,146,19.59,179,22.08,126,22.86,335,39.17,18,17.66,141,11.5,136,8.72,139,31.44,38,22.28,241,15.53,297,17.15,124,13.52,199
2019,"New Mexico",78.58,14,1.12,56,2.08,10,2.34,9,1.63,30,1.63,47,1.6,19,1.66,186,37.1,43,19.72,159,23.36,71,15.31,302,20.46,149,21.14,152,41.33,101,26.7,204,13.12,239,10.83,156,7.97,176,32.4,31,30.96,21,15.95,285,11.64,327,9.04,346
2019,"New Mexico St.",75.45,333,-1.22,299,0,185,-1.29,312,-1.9,336,-2.45,331,-0.61,253,2.03,75,49.92,1,22.49,80,21.04,149,19.84,161,21.24,117,15.39,313,33.45,238,33.6,65,18.42,124,9.86,195,4.68,303,24.96,211,28.93,49,19.6,152,16.47,149,10.04,330
2019,"New Orleans",76.54,212,-0.81,267,-1.05,297,-0.8,269,0.93,72,0.35,152,-0.93,296,1.46,245,34.05,84,20.81,119,19.46,195,23.83,46,18.19,239,17.69,262,32.39,256,23.49,257,14.22,213,20.64,14,9.23,116,23.76,246,25.76,125,20.66,102,15.99,169,13.8,182
2019,"Niagara",75.41,337,-1.39,316,-0.22,209,-2.24,344,-1.31,313,-1.88,309,-0.81,279,1.87,115,34.08,83,21.17,111,23.17,76,18.75,192,16.63,286,20.26,177,30.97,273,24.1,249,18.13,129,15,64,11.78,45,27.78,116,28.95,48,13.53,333,15.07,207,14.65,137
2019,"Nicholls St.",75.97,291,-0.02,171,-0.69,257,-0.69,262,-0.71,250,-2.12,320,-0.36,221,1.89,107,29.53,204,17.29,247,19.59,189,21.15,119,25.32,27,16.6,287,34.53,216,21.59,284,26.83,24,6.19,307,10.78,69,26.58,153,21.13,275,22.47,60,13.31,289,16.45,71
2019,"Norfolk St.",76.37,240,-1.28,305,-1.06,299,-0.22,204,-0.41,223,0.68,113,-1.17,314,2.03,74,36.11,57,17.83,223,17.41,266,18.67,195,23.93,48,22.16,124,31.37,269,27.61,184,17.46,146,11.57,131,11.94,38,20.6,325,25.83,123,18.17,209,22.61,14,12.78,235
2019,"North Alabama",74.67,352,-0.6,242,-2.16,349,-2.83,353,-2.94,353,-2.24,324,-1.38,330,1.21,307,24.98,300,13.29,337,18.72,224,23.36,54,22.65,86,21.97,129,44.81,48,24.74,236,12.07,261,9.88,193,8.48,158,30.68,49,26.26,114,14.92,311,11.13,342,16.99,61
2019,"North Carolina",78.51,18,0.24,132,1.67,13,1.93,17,1.71,28,2.88,7,0.95,62,1.78,144,27.7,246,19.33,176,24.28,54,21.32,116,22.26,92,12.8,344,32.47,253,24.92,234,25.54,35,7.32,266,9.72,100,22.16,290,26.98,89,25.25,21,13.9,263,11.67,288
2019,"North Carolina A&T",75.89,301,-0.79,266,-0.28,215,-1.46,324,-1.3,309,-0.83,263,-0.54,243,2.27,23,39.65,17,19.51,168,20.29,167,20.05,155,20.43,151,19.7,195,46.18,33,24.72,237,13.44,233,10.3,172,5.32,285,27.72,119,22.76,229,20.87,97,18.02,92,10.6,323
2019,"North Carolina Central",76.44,227,-0.23,203,0.35,132,-1.18,307,-0.74,254,-0.1,187,0.06,160,2.33,17,31.7,151,23.99,53,21.19,141,18.87,187,20.59,145,15.31,314,41.19,105,26.51,208,15.08,193,8.27,241,8.89,131,31.42,39,27.68,69,12.89,340,10.54,346,17.42,50
2019,"North Carolina St.",76.76,177,0.34,122,-1.22,314,0.2,127,0.62,105,-0.25,206,-0.44,235,1.75,153,35.96,58,18.68,198,18.38,239,21.72,102,22.8,83,18.42,232,36.93,168,20.54,300,19.88,95,18.57,25,4.09,321,21.49,307,23.53,206,22.65,56,22.85,12,9.47,336
2019,"North Dakota",76.97,145,-0.01,160,-0.09,195,-1.18,308,0.06,156,1.95,33,-0.05,181,1.79,138,29.3,210,19.02,184,23.68,66,23.38,52,20.9,134,12.97,342,36.66,175,30.35,126,17.43,147,6.02,310,9.47,110,28.88,83,25.01,155,18.39,199,14.34,243,13.33,208
2019,"North Dakota St.",76.55,211,0.05,155,-0.82,268,0.11,156,0.06,156,-0.74,256,-0.39,225,1.36,276,36.53,52,26.38,17,19.64,187,15.13,305,16,308,22.81,115,41.31,104,29.87,139,19.09,103,5.13,333,4.53,305,25.81,184,25.69,129,17.8,221,13.96,261,16.7,65
2019,"North Florida",76.98,144,-1.32,311,0.18,146,1.85,22,-0.38,220,0.46,136,-0.57,247,1.67,179,29,214,24.52,45,20.33,165,21.49,111,17.36,264,16.24,297,29.86,288,31.4,105,25.57,34,4.38,346,8.73,137,30.18,62,26.34,108,21.12,90,10.76,345,11.52,294
2019,"North Texas",75.27,344,-0.17,191,-3.59,353,-1.8,339,-1.31,312,-0.9,265,-1.88,348,1.76,151,29.57,201,19.47,171,20.35,164,22.11,86,21.06,125,16.96,281,46.04,35,15.32,336,24.97,37,9.89,192,3.7,331,23.8,245,21.36,270,22.28,63,20.54,38,11.95,276
2019,"Northeastern",76.99,142,0.55,107,0.04,176,0.45,105,-0.67,249,0.46,136,0.29,130,2.05,67,28.39,231,18.77,196,18.51,233,23.46,50,21.41,113,17.85,255,40.2,116,25.71,218,11.02,290,13.11,102,9.97,93,23.99,240,24.46,172,19.77,144,11.65,326,20.13,19
2019,"Northern Arizona",77.27,103,-0.26,206,0.32,138,-0.3,216,1.03,67,1.46,56,0.03,164,1.06,331,34.18,79,15.93,283,19.68,185,23.38,53,23.62,55,17.39,273,37.66,158,31.49,101,10.07,305,5.79,315,14.99,12,23.5,256,27.85,68,17.27,242,12.89,298,18.49,36
2019,"Northern Colorado",76.24,262,-0.32,211,-0.96,288,-1.63,331,-0.91,268,0.94,94,-0.64,257,1.4,266,28.66,221,15.88,287,18.91,215,13.78,330,22.84,81,28.54,21,42.84,77,22.58,273,12.99,245,11.49,137,10.07,89,25.51,194,20.17,292,23.27,49,15.47,189,15.55,95
2019,"Northern Illinois",76.84,164,-0.41,229,0.46,119,-0.39,228,0.71,93,-0.29,215,0.02,165,2.11,55,31.43,157,17.05,251,24.25,55,10.93,352,20.08,167,27.69,25,44.93,44,24.15,247,15.72,184,7.81,255,7.38,198,26,174,22.59,234,15.22,302,13.44,280,22.75,4
2019,"Northern Iowa",77.02,139,0.66,92,-0.43,226,-0.44,232,0.31,136,0.9,97,0.11,153,1.65,190,30.47,177,18.76,197,16.23,301,18.4,206,24.73,35,21.86,137,42.98,75,13.16,343,26.29,30,12.1,120,5.46,277,22.67,275,24.38,175,24.16,32,14.87,219,13.89,175
2019,"Northern Kentucky",77.11,129,0.66,91,0.47,118,0.82,78,-0.35,217,-0.16,197,0.56,93,1.66,187,28.57,226,24.72,40,23.33,73,17.75,227,16.99,270,17.18,278,37.58,162,28.97,162,12.63,252,17,39,3.76,329,35.24,12,25.4,143,15.96,284,11.35,338,12.01,271
2019,"Northwestern",78.74,10,-0.07,175,0.66,98,2.2,12,3.48,3,3.3,5,0.3,129,2.01,83,24.84,305,18.16,213,21.76,119,20.89,127,23.98,46,15.2,315,33.99,225,31.21,108,8.94,326,10.42,166,15.42,8,24.63,217,20.55,284,18.5,193,16.77,136,19.54,23
2019,"Northwestern St.",76.11,276,-1.01,278,0.76,86,-0.32,221,-0.3,213,-2.68,338,-0.12,190,1.87,116,44.02,4,18.36,205,24.62,46,16.87,265,22.18,95,17.92,252,32.15,260,31.46,102,13.57,230,16.2,50,6.56,230,24.06,235,34.95,4,13.64,332,18.13,89,9.14,343
2019,"Notre Dame",78.13,30,1.06,62,0.97,68,1.2,48,0.83,81,2.46,17,1.01,61,1.15,317,25.21,297,22.31,85,21.55,127,18.34,207,16.72,282,21.06,154,36.07,190,29.25,154,18.46,121,11.66,128,4.52,306,28.84,84,34.2,6,16.11,280,13.28,290,7.55,353
2019,"Oakland",77.01,140,0.87,78,0.43,124,-0.19,196,0.17,145,-0.31,218,0.65,83,1.28,294,23.06,322,18.12,215,26.03,28,20.02,156,23.05,75,12.78,346,38.27,146,40.26,12,13.56,231,6.61,294,1.3,353,28.77,85,29.31,39,16.19,275,11.86,322,13.87,177
2019,"Ohio",77.81,43,-0.38,225,1.18,43,1.69,28,0.66,98,1.79,41,0.4,117,1.36,277,27.73,245,19.9,154,28.35,9,19.43,176,20.41,152,11.9,350,34.96,209,25.68,219,11.52,273,16.98,40,10.82,67,26.07,170,24.05,188,14.2,326,19.29,61,16.36,72
2019,"Ohio St.",76.7,191,-0.27,207,-0.47,235,-0.91,293,0.06,156,0.99,92,-0.37,224,1.42,262,31.14,161,27.94,8,17.3,272,17.99,215,15.85,311,20.9,160,44.79,49,24.63,240,14.98,199,7.4,262,8.16,169,26.59,152,18.53,325,21.98,71,15.08,206,17.79,44
2019,"Oklahoma",77.41,89,0.62,98,0.85,76,0.23,124,1,69,0.23,159,0.73,77,2.15,42,31.55,154,19.65,163,22.27,100,16.04,290,23.19,67,18.82,222,26.21,327,28.68,165,20.6,82,17.79,33,6.69,223,23.04,269,28.38,59,12.85,341,22.83,13,12.86,230
2019,"Oklahoma St.",77.72,57,0.27,129,0.02,180,0.57,93,1.06,56,2.58,14,0.15,148,1.29,291,23.04,323,14.98,314,21.27,135,21.23,118,19.03,204,23.46,100,38.8,136,32.14,89,13.1,240,9.1,219,6.8,217,18.42,348,24.58,167,18.28,206,22.56,15,16.12,77
2019,"Old Dominion",77.56,71,1.34,41,-0.42,224,0.35,113,1.28,45,1.14,85,0.46,108,1.76,152,28.75,217,14.71,317,13.32,338,17.04,253,29.49,6,25.41,53,38.57,141,20.48,301,21.29,71,12.69,106,6.94,210,22.43,279,21.06,276,17,255,24.71,5,14.76,132
2019,"Oral Roberts",77.7,60,0.13,144,1.18,43,2.35,8,0.88,78,-0.14,194,0.66,81,1.37,273,40.68,11,18.89,190,30.36,2,17.43,240,14.89,330,18.38,235,40.35,113,39.92,14,11.14,283,5.78,316,2.73,349,27.93,109,32.35,10,14.62,316,12.15,318,12.89,228
2019,"Oregon",78.54,16,1.28,44,2.18,6,2.2,11,1.22,48,1.7,45,1.73,15,1.24,301,35.46,61,20.41,138,22.37,94,17.95,217,19.37,190,19.9,189,34,224,20.88,291,19.95,93,14.43,78,10.74,71,29.16,74,23.66,201,15.82,286,16.82,133,14.54,141
2019,"Oregon St.",78.6,13,2.57,9,1.32,34,0.68,86,1.89,19,2.43,24,1.95,12,1.7,169,25.05,299,16.89,256,29.26,6,11.75,350,22.01,100,20.04,182,33.85,228,25.67,220,15.45,188,15.24,57,9.7,102,22.36,283,27.42,77,17.64,230,18.32,81,14.2,159
2019,"Pacific",76.31,249,-1.07,295,-1.05,295,-0.3,215,-0.21,202,0.07,168,-1.06,310,1.82,131,39.41,20,12.34,346,17.48,264,17.78,226,30.53,3,21.86,136,23.07,334,31.4,106,25.82,33,8.98,221,10.7,74,24.36,227,22,252,24.03,36,14.71,224,14.88,127
2019,"Penn",75.97,293,-0.16,187,0.48,117,-2.03,343,-1.99,343,-0.54,237,0.16,145,2,86,22.31,330,18.26,209,27.96,13,15.72,295,16.84,278,21.18,151,28.9,294,29.12,159,15.79,183,13.14,101,13.02,25,23.58,254,29.12,45,18.29,205,17.66,106,11.31,301
2019,"Penn St.",77.21,117,-0.17,189,0.96,69,-0.05,176,0.3,137,0.9,99,0.4,118,1.26,296,25.32,292,16.11,275,30.24,3,17.55,236,20.14,164,15.93,303,41.86,97,18.55,321,16.26,171,7.43,260,15.86,5,30.02,63,28.49,57,16.12,279,12.41,314,12.92,227
2019,"Pepperdine",76.1,279,-0.87,271,-0.57,242,-0.28,213,-0.6,243,-1.3,280,-0.72,273,1.28,295,26.79,260,17.74,230,20.67,157,17.59,233,22.83,82,21.12,153,23.62,332,30.42,125,33.14,2,7.08,278,5.68,271,27.05,135,21.74,262,23.08,50,14.25,251,13.83,180
2019,"Pittsburgh",77.22,113,0.22,138,-0.82,268,0.01,169,0.12,151,2.46,17,-0.3,214,1.24,302,32.94,110,15.59,296,17.11,274,20.13,154,19.47,182,27.65,26,33.01,246,29.85,140,13.25,237,10.07,184,13.77,19,22.47,278,23.35,213,22.69,55,15.93,172,15.49,100
2019,"Portland",77.47,80,1.63,29,1.19,42,-0.09,183,-0.13,189,0.67,116,1.41,26,1.19,311,30.48,176,16.11,276,19.67,186,15.44,301,23.44,61,25.33,54,33.81,231,30.56,123,14.67,205,10.03,185,10.93,64,25.83,182,21.64,263,19.24,166,18.18,86,15.12,115
2019,"Portland St.",75.63,320,-0.74,260,0.18,146,-1.15,305,-2.63,352,-1.6,292,-0.28,212,2.12,51,39.38,22,19.14,181,18,254,20.37,143,22.65,87,19.84,191,30.69,277,26.8,203,20.08,88,14.76,68,7.68,188,30.77,48,22.07,248,17.24,245,16.71,139,13.21,214
2019,"Prairie View A&M",75.15,346,-2.01,340,-1.94,344,-2.31,346,-1.56,327,-0.54,237,-1.98,350,2.41,10,34.17,81,18.28,208,19.51,193,19.65,167,21.23,119,21.28,148,27.37,314,27.52,185,16.69,161,14.62,70,13.73,21,22.37,282,20.13,293,21.35,85,20.47,39,15.61,91
2019,"Presbyterian",75.36,339,-0.36,221,-1.41,325,-1.72,336,-1.47,323,-2.34,326,-0.88,288,1.33,286,28.11,234,24.94,35,20.15,174,18.26,210,20.06,169,16.58,288,27.64,310,19.02,317,26.42,27,18.24,30,8.64,145,25.23,205,24.46,173,12.73,344,18.51,80,19.06,31
2019,"Princeton",76.4,232,-0.36,222,-0.31,218,0.07,162,-0.66,248,-0.83,261,-0.34,218,1.59,205,34.12,82,21.95,89,16.98,277,21.69,103,23.06,74,16.26,295,47.16,27,13.42,342,18.53,120,10.51,163,10.26,83,19.29,342,25.08,150,25.07,24,19.36,60,11.11,310
2019,"Providence",78.2,27,0.55,106,0.43,123,1.33,42,2.06,13,2.52,15,0.49,104,1.41,265,34.61,70,22.44,81,23.05,79,22.85,66,16.95,272,14.66,324,36.25,181,28.26,171,19.97,92,12.7,105,2.77,348,24.51,222,25.77,124,19.23,167,16.04,168,14.41,147
2019,"Purdue",78.23,24,3.13,5,0,186,1.2,48,1.96,17,0.74,109,1.56,20,1.57,207,28.7,219,22.36,84,15.33,321,15.16,304,15.09,322,32.02,10,36.83,171,34.46,54,18.06,132,4.49,343,6.12,249,29.77,66,22.1,245,20.22,121,13.75,269,14.12,165
2019,"Purdue Fort Wayne",76.98,143,0.8,81,-0.66,252,0.2,127,0.26,141,0.2,161,0.07,158,1.91,102,30.36,178,12.42,345,21.18,144,20.9,126,26.13,23,19.37,204,34.05,223,13.04,344,23.74,45,21.22,13,7.95,177,25.31,201,18.08,333,23.72,40,20.64,34,12.24,258
2019,"Quinnipiac",76.89,156,-1.78,335,-0.82,268,1.1,63,0.78,85,1.08,88,-1.3,325,1.73,160,30.31,179,14.35,321,15.96,304,33.57,1,15.7,315,20.41,172,51.34,8,11.85,349,13.02,244,13.79,89,9.95,94,30.41,54,17.01,342,19.37,163,20.14,40,13.04,222
2019,"Radford",75.11,348,-1.53,325,-1.61,331,-1.65,334,-1.94,338,-1.83,304,-1.57,336,2.18,37,26.67,266,16.02,281,21.22,139,17.38,244,23.86,50,21.51,144,39.9,120,29.03,161,18.1,130,5.72,318,7.22,203,21.94,298,29.78,32,17.66,229,17.24,120,13.37,205
2019,"Rhode Island",76.41,230,-1.01,278,0.22,144,0.1,161,0.32,133,-1.67,294,-0.4,230,1.19,310,22.6,326,21.2,110,18.43,235,15.02,306,21.29,116,24.05,85,34.22,220,27.95,179,21,75,10.02,186,6.79,219,27.15,132,27.52,76,19.05,174,14.27,249,11.99,273
2019,"Rice",77.76,51,-0.43,230,0.93,71,1.37,39,1.03,68,1.8,39,0.25,137,1.02,333,34.18,80,16.24,273,18.7,225,23.91,43,18.07,243,23.01,108,30.68,279,26.06,212,22.27,61,15.02,63,5.89,261,23.74,248,26.79,92,23.85,38,12.59,309,12.97,226
2019,"Richmond",76.5,220,0.78,84,0.16,158,-0.52,243,0.77,86,-2.78,340,0.47,106,1.04,332,25.48,289,27.77,10,20.82,153,14.07,324,13.61,339,23.7,94,22.2,339,30.25,129,18.36,125,14.6,71,14.57,13,33.98,21,18.05,335,19.05,175,17.08,128,11.81,281
2019,"Rider",76.54,213,-0.45,232,0.39,125,-0.47,235,-0.54,235,-0.33,219,-0.03,177,1.73,157,33.8,89,21.51,102,23.65,67,21.52,109,15.06,324,18.25,239,40.03,118,20.84,292,11.43,275,15.86,55,11.81,43,26.55,154,26.49,102,18.86,181,14.12,256,13.95,173
2019,"Robert Morris",76.03,283,-1.01,278,0.15,160,-2,342,-1.12,301,0.02,170,-0.43,231,1.8,135,32.47,128,25.87,23,22.2,105,17.89,220,21.95,101,12.02,349,41.88,95,26.65,206,18.01,133,8.34,238,5.04,294,25.83,183,27.67,70,22.07,68,13.6,274,10.77,318
2019,"Rutgers",78.84,6,1.9,17,1.57,18,1.41,35,1.77,24,3.46,3,1.74,14,1.07,329,38.64,27,13.34,336,21.8,116,22.17,83,20.77,140,21.93,131,32.97,248,38.28,25,13.62,224,11.55,133,3.58,335,20.89,318,27.38,78,22.12,65,15.09,205,14.52,142
2019,"SIU Edwardsville",75.5,331,-1.28,306,-0.64,251,-1.46,323,-0.99,292,-2.22,323,-0.96,298,1.85,122,32.57,124,10.13,353,26.13,25,22.99,61,17.79,253,22.92,110,22.32,337,33.57,68,14.05,216,21.25,12,8.71,140,25.3,202,21.25,272,17.69,228,20.14,41,15.56,94
2019,"SMU",77.16,124,-0.3,209,1.18,43,0.4,108,0.42,125,0,175,0.44,110,1.7,172,24.54,309,22.21,87,20.44,162,12.44,347,16.26,296,28.66,19,30.03,285,26.85,202,17.58,144,19.57,20,5.97,257,28.5,92,24.55,170,14.98,308,17.82,101,14.15,162
2019,"Sacramento St.",76.37,239,-1.29,308,-0.69,256,0.31,117,-0.31,214,-0.29,213,-0.99,301,1.82,130,25.46,290,27.5,11,16.21,302,13.85,329,16.18,299,26.26,38,37.41,163,19.54,313,19.19,101,13.19,99,10.67,78,28.56,91,18.32,330,17.01,253,17.09,127,19.02,32
2019,"Sacred Heart",76.03,285,0.27,130,-1.06,298,-2.68,350,-0.98,291,0.46,136,-0.39,229,1.25,297,31.51,155,17.36,243,21.6,124,14.05,325,25.62,24,21.34,146,37.66,159,39.13,19,9.93,307,6.65,292,6.58,227,28.18,98,23.58,203,17.93,212,14.77,221,15.49,101
2019,"Saint Joseph's",76.47,223,0.35,120,0.5,113,1.23,47,-1.47,322,-2.37,328,0.43,112,1.38,272,26.78,261,15.02,313,16.38,296,27.44,11,22.75,84,18.39,234,20.35,347,30.22,130,27.46,22,14.24,84,7.71,184,27.27,128,26.94,91,16.81,259,15.1,203,13.85,178
2019,"Saint Louis",76.8,170,-0.92,273,-0.23,210,0.1,159,0.06,156,0.88,100,-0.58,249,1.88,111,21.5,339,18.23,210,20.56,159,21.32,115,16.97,271,22.87,113,22.82,336,22.81,269,10,306,28.87,3,15.48,7,21.26,310,28.12,63,17.74,225,16.39,151,16.45,70
2019,"Saint Mary's",77.76,52,1.32,43,1.17,54,1.43,34,0.24,143,0.52,131,1.24,42,1.43,258,24.85,304,17.28,248,24.08,56,15.19,303,12.88,346,30.55,14,45.59,38,26.7,205,11.06,286,10.12,183,6.51,233,25.92,176,29.58,34,20.01,132,13.77,267,10.69,322
2019,"Saint Peter's",76.34,246,-1.23,300,-1.22,313,-0.67,259,0.98,70,-0.23,204,-1.22,317,1.38,270,26.18,276,24.82,37,16.7,284,13.55,335,16.13,301,28.8,18,31.82,263,20.31,303,8.67,330,24.82,6,14.39,15,30.2,60,20.34,290,15.18,305,21.32,30,12.98,225
2019,"Sam Houston St.",75.3,343,-1.81,337,-1.77,339,-1.33,315,-2.14,346,-0.54,237,-1.79,345,2.22,28,31.72,150,23.66,57,19.79,180,20.97,122,17.86,251,17.64,264,38.88,134,26.91,200,21.59,68,6.29,302,6.23,244,29.99,64,18.54,324,23.48,45,16.18,158,11.73,284
2019,"Samford",76.88,159,1.9,18,0.72,90,-0.1,186,-0.22,205,-2.01,315,1.31,37,1.61,199,22.16,331,20.74,123,14.83,328,19.18,178,21.19,121,24,89,46.09,34,26.93,199,12.55,254,6.41,299,7.93,178,26.33,157,28.97,47,18.44,196,11.54,330,14.64,138
2019,"San Diego",77.08,133,-0.22,200,-0.2,206,-0.07,177,0.15,148,1.61,49,-0.21,198,2.33,16,22.08,333,18.67,200,27.59,17,12.98,341,20.06,168,20.64,167,43.18,73,31.42,103,16.2,172,3.7,349,5.41,280,25.79,185,31.36,17,14.39,321,12.71,303,15.68,90
2019,"San Diego St.",77.77,49,0.99,66,1.55,22,1.2,48,0.3,138,0.72,110,1.27,40,1.48,239,28.23,233,17.85,222,22.3,98,20.27,150,14.96,328,24.55,74,44.93,45,31.05,111,11.81,265,7.04,280,5.09,293,25.33,200,26.48,103,21.61,82,13.12,292,13.37,206
2019,"San Francisco",77.38,93,1.49,37,1.52,25,-0.05,173,0.13,150,-0.29,212,1.51,22,2.09,59,27.01,256,19.3,178,18.77,223,18.79,190,20.63,143,22.42,119,38.37,145,36.5,38,11.65,268,10.42,167,2.95,347,24.37,226,26.22,115,14.12,328,19.95,46,15.26,110
2019,"San Jose St.",78.9,5,1.77,24,2.75,1,2.32,10,1.75,25,1.79,40,2.26,4,1.43,255,37.37,39,18.21,211,21.8,115,17.38,245,22.39,91,20.18,179,27.35,315,36.29,41,20.31,84,9.97,188,6.04,253,23.97,241,28.13,62,19.44,160,15.13,198,13.28,212
2019,"Santa Clara",78.03,35,1.15,54,1.24,38,1.41,36,1.5,34,0.76,107,1.2,46,0.93,338,22.38,329,16.43,266,22.84,84,14.96,307,21.59,108,24.18,80,34.75,212,31.72,97,19.76,97,8.33,239,5.46,278,19.56,338,24.58,168,29.82,2,14.51,234,11.52,295
2019,"Savannah St.",76.03,286,-1.42,317,-0.24,212,-0.37,224,-1.88,335,-0.07,183,-0.83,283,2.02,77,29.74,199,20.95,114,18,253,20.96,123,20.8,136,19.22,208,25.2,329,18.7,319,29.37,16,13.93,87,12.71,28,25.91,178,28.19,60,22.02,69,11.47,334,12.32,257
2019,"Seattle",76.69,193,0.06,151,-0.42,225,0.05,164,-0.21,200,-0.12,190,-0.18,196,1.52,223,30.02,187,23.27,64,16.54,291,18.95,185,21.81,103,19.36,205,30.96,274,17.48,328,27.51,21,10.36,169,13.61,22,27.88,110,21.53,266,13.77,331,17.46,111,19.27,26
2019,"Seton Hall",78.16,28,2.06,13,1.23,40,1.07,64,0.88,77,1.46,56,1.64,17,1.53,220,24.46,311,17.29,246,16.69,285,16.74,272,16.73,281,32.51,8,35.12,207,32.54,82,14.66,207,6.93,286,10.69,76,29.55,67,20.45,286,20.36,115,14.06,257,15.51,99
2019,"Siena",78.7,11,-0.01,160,2.18,6,3.07,1,1.82,22,2.34,25,1.09,51,1.47,244,23.98,314,23.37,61,23.79,63,13.11,340,22.42,90,17.26,275,11.06,353,20.78,293,24.71,41,29.63,2,13.73,20,11.6,353,28.83,50,22.08,67,21.34,27,16.09,78
2019,"South Alabama",76.46,225,-1.87,338,-0.22,208,-0.24,208,-0.94,271,1.46,56,-1.05,308,1.99,90,24.51,310,13.14,340,26.12,26,21.58,107,19.91,173,19.24,207,34.65,213,36.3,39,14.81,203,10.26,176,3.94,326,20,334,31.43,16,21.47,84,11.26,339,15.81,85
2019,"South Carolina",77.76,50,1.1,59,1.55,21,1.2,48,0.7,94,0.15,162,1.33,36,1.63,196,32.84,118,15.92,285,25.55,34,21.88,94,19.78,174,16.87,282,26.65,323,38.06,26,16.96,155,12.4,111,5.93,259,20.19,331,27.91,66,20.06,130,19.05,67,12.79,233
2019,"South Carolina St.",75.91,297,-1.01,278,0.83,78,-0.39,226,-1.44,319,-2.54,334,-0.09,188,1.84,123,37.16,41,19.32,177,26.2,24,16.9,261,19.68,177,17.91,253,26.66,322,32.37,85,18.57,118,11.53,135,10.87,65,22.61,276,27.65,71,21.74,78,14.71,223,13.3,211
2019,"South Dakota",75.96,294,-2.16,349,-0.97,290,-0.41,229,-0.19,194,-0.59,250,-1.57,335,1.89,108,23.76,315,22.69,76,21.72,120,17.46,239,20.17,162,17.89,254,26.81,319,27.25,194,19.76,96,17.33,37,8.75,135,21.76,302,25.45,139,18.7,186,17.12,125,16.88,63
2019,"South Dakota St.",76.76,179,-0.17,190,-0.55,240,-0.48,237,-0.57,238,1.46,56,-0.36,222,1.72,163,17.23,352,32.13,3,18.01,252,12.51,345,21.65,106,15.71,305,50.67,10,14.73,338,13.04,243,6.38,301,15.18,10,35.51,9,13.93,353,17.87,216,12.7,304,20,21
2019,"South Florida",77.74,54,1.91,16,1.29,36,1.34,41,-0.43,225,0.46,136,1.6,18,1.07,328,32.32,133,14.69,318,21.76,118,19.96,158,22.91,79,20.65,166,33.84,230,34.33,56,14.9,201,7.18,275,9.71,101,25.9,180,32.03,13,12.84,342,14.82,220,14.39,149
2019,"Southeast Missouri St.",76.41,231,-0.44,231,0.11,168,0.2,127,0.03,178,-1.95,312,-0.17,193,1.24,300,38.22,30,19.42,173,21.07,147,23.98,40,19.01,206,16.51,290,42.44,84,25.94,215,11.53,272,12.02,121,8.04,175,26.01,172,24.65,163,19.37,162,17.91,95,12.03,268
2019,"Southeastern Louisiana",76.02,288,-0.66,249,0.18,146,0.65,88,-1.42,317,-2.76,339,-0.24,205,2.07,62,29.51,205,13.16,339,29.73,5,16.81,267,14.02,338,26.27,37,27.49,312,37.67,28,22.49,57,4.78,340,7.53,194,24.87,212,26.74,93,20.5,109,13.11,293,14.77,131
2019,"Southern",76.01,289,-0.78,262,-0.59,245,-1.37,317,-0.59,241,-0.72,255,-0.68,263,2.08,60,40.53,12,18.14,214,25.64,32,17.6,232,20.33,157,18.25,240,37.62,161,31.09,109,9.49,318,11.54,134,10.23,84,26.54,155,23.18,218,15.71,289,21.88,20,12.67,240
2019,"Southern Illinois",76.79,174,0.33,123,-1.74,338,0.2,127,-0.42,224,1.46,56,-0.7,269,2.45,7,28.08,235,25.53,27,22.51,93,18.16,211,15.39,319,18.36,237,31.77,264,19.79,309,13.8,221,24.98,5,9.6,105,28.1,105,19.06,318,16.73,262,23.36,9,12.68,239
2019,"Southern Miss",74.84,350,-0.96,275,-2.57,352,-2.53,348,-1.52,326,-2.36,327,-1.76,344,2.28,22,23.7,316,18.34,206,22.75,89,21.8,96,16.04,306,20.98,156,35.43,200,25.71,217,19.94,94,12.11,119,6.69,222,26.68,149,25.04,153,18.78,185,15.66,183,13.75,188
2019,"Southern Utah",77.38,96,0.41,116,0.7,95,1.18,59,0.58,107,-0.09,185,0.55,94,1.4,268,29.8,198,20.45,136,20.95,151,19.88,159,23.9,49,14.75,322,33.89,226,10.77,351,30.12,13,15.03,62,10.09,87,30.82,47,18.84,322,23.08,51,14.38,241,12.79,232
2019,"St. Bonaventure",77.15,127,0.78,83,-0.92,284,0.2,127,0.66,99,0.93,95,-0.07,187,1.4,267,33.49,94,16.38,269,16.66,286,23.18,57,23.44,62,20.33,173,43.52,63,28.01,176,11.39,276,8.93,223,8.13,170,30.45,53,22.51,236,24.39,31,10.5,347,12.13,264
2019,"St. Francis NY",75.34,341,-0.65,246,-1.34,320,-0.68,260,-1.43,318,-3.29,346,-1,303,1.77,148,34.44,73,17.7,232,14.18,336,17.82,222,25.32,26,24.98,66,40.39,111,23.34,259,18.46,122,8.45,235,9.37,112,26.63,151,26.61,96,18.6,190,15.55,186,12.6,244
2019,"St. Francis PA",75.54,329,0.05,154,-1.48,328,-1.52,327,-1.47,321,-2,314,-0.72,272,2.1,58,29.49,206,17.92,219,22.88,83,13.9,328,20.13,166,25.16,59,45.21,41,22.13,277,8.94,325,16.5,45,7.18,204,22.07,292,34.11,8,16.68,264,15.5,188,11.63,289
2019,"St. John's",76.59,204,-1.58,327,-1.02,294,0.2,127,0.67,97,0.6,122,-1.3,326,1.75,156,20.48,346,16.88,258,23.56,68,20.3,148,11.88,353,27.32,31,19.33,349,28.67,166,21.08,74,13.68,91,17.14,3,23.67,251,24.81,160,20.67,101,15.43,192,15.35,106
2019,"Stanford",79.17,3,1.78,21,2.18,6,2.96,3,2.29,7,2.51,16,1.98,10,0.96,337,33.41,97,20.61,131,21.15,145,21.49,110,16.55,287,20.18,180,43.02,74,21.84,281,17.72,139,8.36,237,9.01,127,27.79,115,24.3,181,19.73,148,14.65,228,13.5,201
2019,"Stephen F. Austin",77.32,99,-0.41,228,0.52,111,1.2,48,0.81,82,0.37,151,0.05,161,2.02,82,28.59,223,12.15,349,20.25,169,23.35,55,27.7,12,16.54,289,30.21,283,24.64,239,22.97,51,10.94,154,11.22,56,22.41,281,23.96,190,22.73,54,16.5,148,14.39,148
2019,"Stetson",76.74,185,0.48,112,-0.4,222,-0.55,245,-0.39,221,0.46,136,0.04,163,1.48,241,41.2,8,22.63,79,20.17,172,16.45,280,22.49,88,18.21,241,41.87,96,18.44,325,9.33,319,19.58,19,10.69,75,30.84,45,19.52,307,17.92,213,16.06,165,15.6,92
2019,"Stony Brook",76.26,260,-0.38,226,-1.4,324,0.2,127,-0.2,199,-1,270,-0.89,289,1.22,306,28.55,227,19.96,152,25.06,42,22.58,74,17.41,263,14.98,320,29.43,290,25.02,232,26.11,31,11.17,147,8.24,167,24.78,216,24.25,182,19.84,138,14.03,258,17.07,60
2019,"Syracuse",79.41,1,2.98,7,1.69,12,1.37,37,2.9,4,3.98,1,2.34,3,1.66,185,26.07,282,11.46,351,19.04,211,24.27,33,26.79,17,18.38,236,43.46,66,28.17,172,10.32,301,9.42,205,8.54,155,25.61,193,27.26,79,20.9,96,12.94,296,13.21,213
2019,"TCU",77.25,107,1.26,47,0.79,82,0.6,90,-0.13,188,-0.39,225,1.03,58,1.59,203,24.8,306,16.07,279,22.26,101,22.89,65,18.8,211,19.94,188,39.95,119,29.78,145,17.34,148,6.27,303,6.61,226,27.18,130,21.8,257,19.82,140,16.72,138,14.43,143
2019,"Temple",78.05,33,1.1,58,0.99,66,1.79,24,1.06,56,1.22,80,1.04,55,1.85,120,26.42,272,15.64,295,23.16,77,14.01,326,23.53,57,23.64,97,48.59,16,8.27,352,19.64,98,14.84,66,8.59,147,26.7,148,18.48,328,24.13,34,20.08,43,10.57,324
2019,"Tennessee",77.94,38,1.07,60,-0.01,188,1.2,48,1.4,39,1.94,34,0.53,95,2.11,56,27.15,254,13.84,330,26.11,27,22.15,84,19.09,200,18.79,224,40.34,114,29.41,151,15.93,179,9.23,214,5.04,295,25.03,210,24.17,185,23.91,37,14.5,236,12.35,254
2019,"Tennessee Martin",75.43,334,-0.78,264,-0.59,246,-1.87,340,-1.61,329,-2.13,321,-0.69,265,2.35,13,32.7,121,18.97,186,27.69,16,16.69,273,18.22,236,18.42,233,34.46,218,29.51,149,20.83,80,5.18,331,9.98,92,26.92,139,19.89,301,21.49,83,17.71,104,13.96,171
2019,"Tennessee St.",75.42,335,-1.26,304,-1.28,318,-0.84,287,-1.07,298,-2.54,334,-1.27,321,2.06,65,37.73,36,15.18,309,22.81,87,23.61,49,17.2,266,21.19,150,42.22,86,30.16,135,12.93,246,6.59,296,8.1,171,26.82,141,27.52,75,16.59,265,17.03,130,12.05,267
2019,"Tennessee Tech",76.94,150,0.93,75,0.91,73,-0.09,184,-0.84,262,-0.31,217,0.92,63,1.29,292,26.29,275,22.22,86,15.69,313,18.71,193,18.19,238,25.14,60,33.85,229,33.88,63,14.64,208,7.39,263,10.19,86,20.87,320,30.22,26,16.19,274,17.06,129,15.59,93
2019,"Texas",77.47,82,1.18,52,1.48,26,-0.32,220,-0.1,185,0.98,93,1.33,34,1.35,279,31.9,145,19.8,158,19.41,197,23.27,56,19.44,185,18.04,245,33.89,227,38.64,22,9.74,312,13.18,100,4.52,307,24.02,237,26.37,107,19.12,172,15.06,208,15.39,104
2019,"Texas A&M",77.42,88,-0.21,199,0.52,110,0.44,107,0.45,118,1.81,38,0.15,146,1.49,237,31.95,143,19.95,153,21.25,137,16.88,262,16.85,277,25.02,65,37.7,157,31.5,99,13.31,235,8.86,225,8.56,149,24.35,228,26.42,104,18.95,178,17.22,122,13.01,223
2019,"Texas A&M Corpus Chris",76.15,274,-0.25,204,-0.86,280,-1.16,306,-0.94,271,-0.15,195,-0.55,246,2.05,68,34.32,74,20.76,121,17.36,270,22.59,73,19.28,194,20.01,184,32.41,255,18.46,323,16.02,177,14.54,72,18.57,1,30.19,61,21.99,253,16.12,278,17.36,114,14.34,152
2019,"Texas Southern",76.36,243,0.74,88,-0.75,261,-0.07,178,-1.04,296,-1.21,275,0,169,2.46,6,39.58,18,23.86,55,20.11,175,16.21,285,20.31,158,19.49,200,34.22,221,34.2,60,17.29,149,4.97,336,9.31,115,37.43,4,22.2,243,15.29,300,14.29,247,10.75,320
2019,"Texas St.",76.23,265,-1.38,315,0.14,163,-0.14,189,-0.8,257,-0.75,257,-0.62,255,1.97,92,27.97,237,19.35,174,18.9,216,25.52,23,21.58,110,14.61,325,35.71,196,34.62,52,16.28,170,6.61,295,6.68,224,17.29,350,25.41,142,19.48,158,18.52,79,19.25,27
2019,"Texas Tech",77.08,132,0.28,127,-0.73,260,0.02,168,0.06,156,1.66,46,-0.23,201,1.9,105,26.12,281,16.92,255,28.2,10,16.78,269,18.12,241,19.9,190,48.51,18,26.31,209,18.09,131,5.12,334,1.83,351,26.32,160,26.5,101,18.93,179,17.11,126,11.05,312
2019,"The Citadel",75.81,308,-2.23,351,-1.15,306,-0.5,239,-0.93,269,-0.27,207,-1.69,342,2.29,21,29.94,190,21.43,104,18.89,218,14.16,323,20.34,156,25.12,62,39.01,133,30.21,132,17.72,140,5.62,320,7.33,199,26.87,140,19.85,303,19.54,156,13.02,295,20.63,13
2019,"Toledo",77.45,85,1.6,30,0.82,79,0.29,120,0.72,92,-0.27,210,1.21,44,2.01,84,26.17,278,18.92,189,19.27,200,13.91,327,24.19,42,23.65,96,34.5,217,15.99,334,28.01,19,12.62,107,8.8,134,28.04,106,17.12,340,24.67,29,14.4,239,15.69,89
2019,"Towson",77.39,92,-0.01,160,0.74,87,-0.26,212,0.9,75,1.46,56,0.37,123,1.63,194,35.13,66,12.7,343,20.52,161,16.31,283,29.68,5,20.78,163,33.61,235,30.98,113,8.88,328,19.96,15,6.56,229,26.16,166,28.1,64,10.97,351,21.11,31,13.64,194
2019,"Troy",76.71,189,-1.01,278,0.15,161,-0.2,199,-0.2,198,0.7,112,-0.43,232,1.78,142,26.76,262,20.17,149,21.9,112,24.23,34,14.9,329,18.79,223,42.13,88,20.23,304,20.26,85,9.71,197,7.66,189,31.12,42,23.57,204,19.74,147,14.4,240,11.17,308
2019,"Tulane",79.03,4,0.66,93,2.1,9,1.94,16,2.69,5,3.64,2,1.38,28,1.15,318,32.59,123,15.56,297,23.77,64,18.03,213,16.85,276,25.76,45,26.48,325,32.92,78,15.29,191,7.31,268,17.96,2,22.85,271,27.58,73,16.49,268,15.95,170,17.09,59
2019,"Tulsa",76.58,205,-1.32,310,-1.08,300,-0.18,193,0.55,110,0.85,101,-1.2,316,1.93,98,34.56,71,24.24,49,18.54,231,22.08,87,16.15,300,18.97,215,37.72,156,20.6,297,25.33,36,7.41,261,8.9,130,23.39,259,20.33,291,22.79,52,18.06,91,15.42,102
2019,"UAB",76.83,165,0.64,95,-0.04,190,-0.86,289,-0.46,229,0.78,105,0.3,128,1.66,188,26.81,259,15.81,290,23,81,20.34,145,22.01,99,18.82,221,33,247,31,112,23.43,47,7.34,265,5.23,288,25.22,206,26.09,117,18.32,202,16.36,152,13.99,170
2019,"UC Davis",75.56,325,0.01,159,-1.15,305,-1.72,335,-0.6,244,-2.87,342,-0.57,248,2.31,19,34.02,85,18.96,187,11.94,349,23.16,58,21.75,105,24.16,81,37.83,153,29.81,143,11.17,281,9.69,199,11.44,49,21.09,314,19.24,314,16.22,273,21.37,26,22.04,5
2019,"UC Irvine",76.75,184,0.6,102,1.56,19,-1.22,310,-1.12,300,-0.2,201,1.08,52,2.15,44,41.46,7,20.91,116,18.86,219,15.46,300,18.57,227,26.18,39,38.83,135,38.65,21,9.88,309,6.4,300,6.2,245,32.53,30,29.59,33,14.83,313,13.04,294,9.98,331
2019,"UC Riverside",77.6,68,3.47,3,0.71,94,0.2,127,-0.18,193,-0.28,211,2.09,7,0.97,336,33.11,104,23.64,59,18.45,234,19.04,181,16.49,289,22.36,122,36.82,172,32.23,87,11.59,271,14.53,73,4.78,300,28.11,104,25.12,147,16.13,277,17.82,100,12.78,234
2019,"UC Santa Barbara",77.18,123,0.22,137,0.24,141,0.56,94,0.74,90,0.01,171,0.23,138,1.47,242,29.36,209,23.36,62,16.38,295,21.26,117,19.25,195,19.7,194,44.65,52,22.98,263,20.85,79,7.02,282,4.44,310,27.71,121,22.43,238,22.09,66,11.46,335,16.27,73
2019,"UCF",78.8,7,6.39,1,1.55,23,0.45,106,0.05,175,1.46,56,3.97,1,2.29,20,26.97,257,22.88,74,19.09,208,19.54,172,13.41,341,25.06,63,43.67,62,30.33,127,15.23,192,4.93,338,5.81,267,30.31,57,28.41,58,17.08,248,15.11,202,9.06,345
2019,"UCLA",79.32,2,2.79,8,2.37,5,3.01,2,1.62,33,2.69,9,2.58,2,0.66,348,36.53,51,16.78,260,15.32,322,26.58,15,18.93,208,22.36,121,47.92,22,19.94,308,16.39,167,9.71,198,5.98,254,28.63,88,27.03,88,17.6,232,12.51,310,14.18,160
2019,"UMBC",77.4,91,0.61,99,-0.01,187,0.38,110,0.45,119,1.46,56,0.3,127,1.72,161,31.07,163,17.92,220,19.7,184,22.54,76,16.2,297,23.63,98,35.16,205,25.75,216,18.28,126,9.93,189,10.85,66,26.72,147,20.12,294,18.47,195,18.78,71,15.89,82
2019,"UMKC",76.22,267,0.35,119,0.36,131,-0.44,233,0.06,156,-3.36,349,0.36,124,1.77,147,32.05,139,16.94,254,18.89,217,17.79,225,21.06,126,25.32,56,29.86,287,22.23,275,26.36,29,11.56,132,9.98,91,21.39,308,24.64,164,25.14,22,15.67,182,13.16,216
2019,"UMass Lowell",76.61,202,-1.46,322,-0.64,250,-0.25,209,0.75,89,0.54,128,-1.05,309,1.45,251,30.14,183,17.32,244,21.53,129,20.41,140,23.1,70,17.61,267,22.15,340,27.02,198,18.67,115,19.65,18,12.5,31,19.63,336,20.41,288,28.67,4,14.67,225,16.59,68
2019,"UNC Asheville",77.27,102,-0.01,160,0.17,156,0.2,127,0.43,122,1.46,56,0.08,157,0.36,353,30.98,165,18.82,193,19.37,199,17.95,218,15.47,318,28.36,22,20.91,343,22.87,267,20.49,83,19.89,16,15.8,6,21.21,311,26.32,110,18.84,182,21.42,25,12.17,262
2019,"UNC Greensboro",76.46,226,0.48,112,0.79,83,-1.42,320,-1.13,303,-0.54,237,0.63,86,1.84,126,33.98,87,17.73,231,18.79,222,14.89,312,29.41,7,19.14,210,42.14,87,21.28,287,9.5,317,13.54,93,13.49,23,34.97,16,19.85,304,13.78,330,15.1,204,16.25,74
2019,"UNC Wilmington",76.7,192,-1.59,329,0.04,175,0.28,121,-0.26,209,0.91,96,-0.78,277,1.51,226,32.88,113,19.12,182,25.47,35,16.75,271,18.99,207,19.62,197,23.9,331,43.75,3,13.27,236,13.62,92,5.41,279,20.88,319,38.53,1,15.58,295,15.87,174,9.08,344
2019,"UNLV",77.47,81,1.06,61,0.71,93,0.86,75,-0.05,181,0.66,117,0.89,66,1.5,232,30.01,188,20.66,127,18.86,220,21.74,101,21.11,123,17.61,268,33.74,232,31.89,93,22.04,64,6.08,309,6.19,246,28.26,96,25.11,149,22.62,59,15.52,187,8.45,350
2019,"USC",78.8,8,1.86,19,2.49,4,1.96,15,1.12,53,2.46,17,2.17,5,1.85,118,25.66,286,24.02,52,24.61,47,17.8,224,14.59,334,18.91,217,45.34,40,17.82,327,19.08,104,8.54,231,9.14,117,30.94,44,23.27,217,20.58,105,13.34,286,11.8,282
2019,"USC Upstate",75.86,305,-0.66,247,-0.66,254,-0.62,254,-0.94,271,-1.92,311,-0.66,258,1.37,274,43.12,5,13.85,329,25.24,37,16.56,275,28.85,8,15.5,310,32.23,259,26.24,210,18.83,110,16.56,44,6.14,248,21.59,306,29.86,31,17.16,247,20.12,42,11.28,303
2019,"UT Arlington",74.51,353,-2.44,352,-2.14,348,-1.79,337,-2.2,347,-3,344,-2.29,353,1.43,254,38.64,26,12.45,344,16.55,290,19.52,173,26.45,20,25.02,64,17.9,351,33.97,62,20.25,86,21.59,11,6.27,239,20.03,333,24.61,166,21.16,89,23.11,11,11.07,311
2019,"UT Rio Grande Valley",76.24,264,-0.05,174,0.18,146,-0.62,255,-1.3,310,-1.14,273,0.07,159,2.03,73,32.87,115,14.13,325,24.33,51,20.87,130,21.87,102,18.74,225,37.93,152,27.89,180,15.05,195,7.23,273,11.81,42,23.5,257,23.32,215,19.82,139,15.46,190,17.85,43
2019,"UTEP",76.3,252,0.23,134,-0.34,220,-0.8,269,0.16,146,-1.87,306,-0.06,182,0.77,344,26.65,267,23.11,68,13.61,337,21.01,120,20.36,153,21.86,135,43.86,61,25.15,229,10.22,302,11.36,140,9.33,114,36.16,6,18.63,323,19.74,146,14.44,237,10.96,313
2019,"UTSA",76.24,263,-1.36,313,-0.46,231,-1.42,319,0.06,156,0.28,155,-0.91,291,1.55,213,23.21,321,15.68,293,12.53,347,12.29,349,23.7,54,35.75,3,30.43,282,34.33,57,16.58,165,10.67,162,7.89,181,22.31,285,25.71,128,14.5,318,19.67,53,17.71,45
2019,"Utah",78.33,23,2.55,10,0.95,70,1.79,25,0.77,87,1.46,56,1.75,13,1.52,224,32.94,112,15.7,291,19.19,203,20.97,121,19.15,197,24.94,67,44.06,56,16.52,333,24.79,39,9.38,207,5.18,291,35.3,11,18.14,332,24.16,33,12.72,302,9.61,335
2019,"Utah St.",77.86,39,0.98,72,0.04,174,0.72,83,2.05,14,1.43,74,0.51,100,1.35,280,30.93,168,20.31,141,19.58,191,16.57,274,28.48,9,15.01,317,44.15,55,34.72,50,9.56,316,5.22,329,6.26,240,30.39,55,20.57,282,14.45,320,15.12,199,19.39,24
2019,"Utah Valley",77.63,66,1.78,23,1.25,37,0.18,151,0.58,108,0.24,157,1.52,21,1.99,91,30.93,167,20.64,129,19.12,206,22.66,69,19.57,180,17.95,250,49.49,13,24.37,244,16.02,178,7.01,283,3,345,33.92,22,19,319,17.53,237,14.52,233,14.95,121
2019,"VCU",77.44,86,-0.64,245,-0.23,211,0.84,76,1.78,23,1.37,75,-0.44,234,1.51,225,38.59,28,14.74,316,21.67,122,20.35,144,20.14,165,23.03,107,26.84,318,42.59,4,14.18,215,10,187,6.33,237,25.13,208,27.06,87,15.68,290,18.09,90,13.96,172
2019,"VMI",76.04,281,-0.19,195,-1.63,333,-0.8,269,0.12,152,-1.4,285,-0.91,292,1.15,316,27.49,250,16.8,259,18.85,221,15.91,293,18.77,214,29.62,15,28.58,300,30.29,128,18.56,119,18.29,28,4.19,316,26.27,163,20.05,298,19.6,153,19.7,52,14.32,154
2019,"Valparaiso",77.01,141,3.07,6,-0.3,216,-1.05,301,-0.08,184,-0.69,253,1.39,27,1.62,198,33.49,95,25.54,26,23.06,78,14.77,314,20.35,155,16.22,299,40.36,112,25.09,230,12.82,250,16.32,47,5.34,283,25.99,175,16.89,343,26.86,10,17.68,105,12.52,245
2019,"Vanderbilt",78.55,15,0.99,66,1.42,30,2.63,7,2.16,10,1.46,56,1.21,45,1.23,304,32.17,138,21.76,94,15.82,309,18,214,23.06,73,21.32,147,28.59,298,35.53,46,11.67,266,15.89,54,8.29,166,27.85,111,18.22,331,14.68,315,23.85,8,15.37,105
2019,"Vermont",76.5,219,-2.11,348,-0.82,268,0.31,116,0.24,142,0.78,106,-1.46,333,1.43,260,33.66,92,15.4,304,28.84,8,13.49,338,22.18,96,20.03,183,26.77,320,19.61,311,31.4,8,9.16,216,12.99,26,19.11,343,28.62,53,21.28,86,10.91,344,20.01,20
2019,"Villanova",77.81,44,-0.35,219,1.18,43,1.75,26,0.28,140,2.08,29,0.42,115,1.68,177,25.28,294,15.29,308,21.25,138,17.51,237,19.11,199,26.84,33,43.32,70,22.83,268,24.76,40,5.57,321,3.53,336,23.3,262,21.37,269,24.61,30,13.52,276,17.2,57
2019,"Virginia",77.34,97,1.42,39,1.23,39,1.43,33,0.38,128,-1.88,308,1.33,35,1.61,200,24.86,302,17.52,240,18.99,212,25.42,24,23.81,51,14.17,330,38.64,140,29.4,152,16.56,166,8.78,228,6.53,232,23.21,264,26.68,94,19.12,171,17.53,109,13.38,204
2019,"Virginia Tech",76.91,153,-0.08,176,-1.35,322,0.2,127,0.87,79,0.83,102,-0.72,271,1.94,96,23.41,319,24.07,51,18.12,245,23.7,48,20.18,161,13.87,336,42.05,89,23.29,260,8.35,336,19.68,17,6.56,231,27.19,129,21.43,267,18.26,207,16.58,144,16.48,69
2019,"Wagner",75.71,318,-1.45,320,-1.92,343,-1.62,330,0.06,156,-0.64,251,-1.68,341,2.06,66,32.86,116,20.29,142,23.02,80,14.93,310,26.72,18,14.99,318,31.89,262,19.6,312,21.84,67,22.35,9,4.25,315,27.98,108,15.19,349,17.84,219,27.21,2,11.7,286
2019,"Wake Forest",77.75,53,1.5,36,1.18,43,0.94,73,1.3,44,-0.27,209,1.34,31,1.1,322,30.26,180,13.72,333,21.8,117,20.4,141,20.96,130,23.05,106,36.2,185,28.07,173,17.06,154,14.76,67,3.81,328,24.54,221,24.83,159,17.51,238,17.26,119,15.78,86
2019,"Washington",77.27,104,0.23,133,-0.21,207,0.73,82,1.37,40,0.11,166,0.01,167,2.17,40,26.14,280,15.81,289,21.26,136,16.35,281,24.04,45,22.54,116,35.82,192,28.41,170,13.61,225,14.42,79,7.74,183,25.63,192,21.8,258,16.98,256,22.09,17,13.51,200
2019,"Washington St.",77.15,126,-0.01,160,0.59,103,0.79,80,0.5,114,-0.22,203,0.29,131,1.71,166,37.02,45,24.54,44,19.97,177,23,60,16.19,298,16.23,298,23.08,333,29.22,155,20.6,81,16.02,52,11,61,24.02,239,26.3,112,23.83,39,15.44,191,10.34,328
2019,"Weber St.",76.94,149,0.1,147,1.61,16,-1.02,299,-0.54,236,0.46,136,0.85,68,1.57,209,29.42,207,20.21,144,15.59,315,16.88,264,19.71,176,27.61,27,51.42,7,21.95,280,10.94,293,7.03,281,8.66,143,31.14,41,32.19,11,13.18,336,12.28,316,11.21,306
2019,"West Virginia",78,36,0.63,97,1.18,43,2.77,4,1.83,21,-0.52,235,0.91,64,1.5,230,45.23,2,22.42,82,21.15,146,19.99,157,13.06,344,23.37,103,38.01,150,24.59,241,20,91,8.23,243,9.14,119,33.53,25,21.16,274,19.18,168,12.42,312,13.69,191
2019,"Western Carolina",76.3,251,-1.8,336,-0.61,247,-0.7,263,-0.1,186,0.6,121,-1.2,315,1.25,299,27.77,243,17.82,225,19.23,202,22.05,89,23.09,71,17.77,258,39.26,131,33.47,70,17.62,143,6.17,308,3.4,339,28.98,79,27.23,81,20.33,117,9.58,351,13.82,181
2019,"Western Illinois",76.67,196,1.92,15,-0.45,229,-0.08,181,-1.6,328,-0.54,237,0.73,78,1.43,261,26.17,277,18.34,207,14.53,330,22.54,77,19.3,192,25.24,58,57.16,2,12.86,345,14.49,209,9.32,210,6.04,252,29.15,75,18.5,326,23.42,48,11.39,336,17.47,49
2019,"Western Kentucky",77.71,59,1.78,22,0.32,137,0.55,97,0.54,112,1.23,79,1.05,54,1.13,320,23.6,317,24.76,38,16.26,300,20.44,138,20.35,154,18.12,243,43.42,68,20.14,306,10.48,299,15.12,60,10.74,70,34.53,20,19.5,308,18.23,208,14.25,250,13.41,202
2019,"Western Michigan",76.88,158,2.07,12,-1.33,319,-0.05,175,-0.53,234,0.15,163,0.37,121,1.46,246,30.76,173,25.65,24,15.54,317,20.43,139,12.89,345,25.45,51,42.75,80,28.5,169,17.86,137,4.9,339,5.94,258,30.58,52,21.82,256,20.25,119,9.39,352,17.91,42
2019,"Wichita St.",77.22,112,1.41,40,0.89,75,-0.15,190,0.04,177,-0.18,198,1.15,47,1.38,271,32.55,125,22.2,88,27.53,19,16.81,268,14.74,331,18.72,226,38.68,139,20.22,305,23.33,48,11.19,144,6.57,228,30.2,59,17.35,337,20.99,95,20.59,36,10.86,316
2019,"William & Mary",77.79,47,0.54,108,0.16,159,0.2,126,1.08,55,2.85,8,0.35,125,1.23,303,26.75,263,32.24,1,20.28,168,18.77,191,12.24,351,16.44,292,40.83,109,27.71,182,4.53,352,14.03,86,12.83,27,27.72,120,31.34,19,15.09,306,13.33,288,12.48,247
2019,"Winthrop",74.8,351,-1.66,330,-1.66,334,-2.55,349,-2.37,348,-1.88,307,-1.66,338,2.11,57,32.4,129,20.17,148,13.01,344,19.82,163,20.96,131,26,43,27.51,311,27.17,195,22.76,53,14.45,77,8.06,174,27.8,114,19.46,309,21.73,79,19.38,59,11.58,292
2019,"Wisconsin",77.32,98,1.57,31,1.41,32,-0.54,244,0.06,156,0,174,1.49,24,1.61,202,27.92,239,25.4,29,21.58,126,13.75,332,17.95,247,21.25,149,33.25,240,34.35,55,20.92,78,8.01,250,3.37,341,27.61,122,27.25,80,16.45,269,15.04,209,13.56,196
2019,"Wofford",76.81,168,0.58,104,1.15,58,-0.8,269,-0.17,192,-0.82,259,0.86,67,1.8,136,29.88,194,13.92,327,23.84,60,24.9,29,23.74,52,13.57,338,44.76,50,41.68,6,3.95,353,7.36,264,2.22,350,28.92,81,30.33,25,12.42,348,16.74,137,11.54,293
2019,"Wright St.",76.54,214,1.24,49,0.06,172,-1.03,300,0.06,156,-1.77,298,0.65,82,1.95,95,27.67,247,18.84,192,30.2,4,16.95,258,16.1,303,17.84,256,35.32,202,24.56,242,9.82,311,23.87,7,6.33,235,20.5,326,21.59,264,21.9,74,24.56,6,11.37,298
2019,"Wyoming",78.45,20,0.83,80,0.85,77,1.85,23,2.59,6,2.04,32,0.84,69,1.45,249,30.21,182,17.8,226,24.92,45,26.49,16,16.77,279,13.96,333,14.97,352,30.22,131,26.1,32,16.96,41,11.7,46,16.2,351,25.9,120,27.95,6,14.6,231,15.3,108
2019,"Xavier",78.34,22,1.5,35,1.36,33,1.01,67,1.06,56,2.67,11,1.43,25,1.83,127,29.18,211,23.64,58,24.51,49,16.54,277,14.97,327,20.3,175,28.24,302,39.66,17,6.96,346,11.18,146,13.92,18,19.04,345,28.16,61,20.09,127,15.33,194,17.33,54
2019,"Yale",77.2,118,0.52,109,0.67,97,0.65,89,-0.34,216,0.41,149,0.59,90,2.18,36,27.74,244,20.79,120,19.71,183,24.94,28,18.72,220,15.74,304,43.98,58,29.79,144,10.52,297,7.06,279,8.55,153,27.77,117,22,251,22.46,61,11.8,323,15.86,83
2019,"Youngstown St.",76.36,241,-0.83,269,-0.82,277,0.2,127,0.43,123,-1.27,278,-0.82,281,1.13,319,36.63,48,15.4,303,16.17,303,19.56,170,24.2,41,24.63,72,29.14,293,33.2,74,14.82,202,14.4,80,8.4,161,27.84,112,26.58,97,12.8,343,17.86,99,14.89,126
